2c93684a-d97c-41f5-b18c-79ae931927ae.mp3,0
1a1b97b8-f166-4c60-ab55-3c67d4c29865.mp3,0
32f425ef-74b9-453e-acf9-a5ddc089740c.mp3,1
c71c0a0e-0032-42fc-87e7-fe1af4db28d8.mp3,1
75b3c354-15c6-4456-ae4c-a704bfae4266.mp3,1
9a5f00d0-c76c-4ab7-b18a-ec074518b144.mp3,0
1137fd87-2f53-48fd-a3a2-dd4eb9008800.mp3,0
724cfc47-3fb1-4697-a609-e5bbe2a60b97.mp3,0
98b0e72f-1467-4e98-88ae-0d19b136c788.mp3,0
98dbe09a-68de-4a4c-affb-4f21b05c47d4.mp3,0
a1687f47-f43e-4a24-bd18-0245b94d649e.mp3,0
edd464f1-9602-49d2-8ea9-88196e77799f.mp3,1
a314be3e-8f3b-46bd-95a0-9893b7f6d237.mp3,0
68c599b8-d882-4778-ac5e-b254189b18a4.mp3,2
ec834d92-2966-48db-8a8b-4818751a8165.mp3,0
60b3926b-606d-48fc-8147-772ec6c13a1b.mp3,1
e84feed8-56cc-4a04-81d6-83daa45d1b05.mp3,0
d644506d-5a8a-4434-8d39-22127334d32d.mp3,0
d7902d19-bbb7-4be7-9ec5-06df52d541cf.mp3,1
6f99a087-7f5d-4f15-abca-b320071fbe22.mp3,1
ab7247a6-f08c-45c2-b479-fbb7f67c2be8.mp3,0
671746a1-d216-4618-8d29-d176fbd23134.mp3,1
c1cf6549-06f8-4228-8838-5d256a623585.mp3,1
bf3b7aed-06de-4630-9c04-020f9e9b3821.mp3,0
91eef3fb-854c-4741-8504-0a048d62d9a1.mp3,2
a6ba3e6f-7ef9-4063-b901-5447abd8127c.mp3,0
3faba5d7-86b3-46c4-8f7d-741fb845202a.mp3,0
d06a7d68-3873-4ad6-821f-ead1d58d647d.mp3,1
ff4ec3dc-7f27-4659-a329-e334be6fe916.mp3,0
9fa225fd-8c49-4902-9086-934784b23eaf.mp3,0
ab65f43f-ffe7-455d-a1b0-d14548acfaca.mp3,1
41821420-2e38-4a9b-9ab7-2fe6b1ed68e7.mp3,2
d35b112a-6f7b-4d81-ba2b-04c946dc32da.mp3,0
3d7e9c8a-e0bd-441f-a7b1-61f80980491c.mp3,0
deb446c4-bfb3-4425-b14b-57babdc2d99e.mp3,0
3c5ef8de-6d1e-4ae9-a8ff-e66ff3e0eafc.mp3,0
1ec1923c-65d9-40b9-91d0-db99a9bd2811.mp3,0
f561d262-5116-4e5e-b013-f692f0bf418f.mp3,0
ec2c5f2d-94f6-4791-9623-b2a1b4b6dca7.mp3,0
dc66c32e-aba2-401e-b216-52a77fdcc68b.mp3,0
a2870adb-7e08-409b-8fda-be5326eb3951.mp3,0
21dfd72e-79bc-49f0-abf6-3cf32641fad5.mp3,0
a21056d5-a67b-430f-bf92-d5a48c772a24.mp3,0
f40cac7a-c008-41d9-8941-7bd976579289.mp3,0
33cf2a95-bf01-4d9c-b5a3-c14671f94d3b.mp3,1
36537d90-6f25-45ae-b6fc-c1a7554c8f53.mp3,1
25cd0d2e-59dd-4bb5-b5f3-19b7d7780046.mp3,0
02d6e738-1738-4e6e-bc96-3ae679358854.mp3,0
28387cde-15fc-45f8-8899-38e518b23434.mp3,1
5d35eb08-7958-42f9-bf48-4ca713de683d.mp3,1
cfdf0155-c3a2-47c7-8e38-b18b67d9eb38.mp3,1
e40790d7-629f-4411-98cc-b836c5aeb13d.mp3,0
6e2a4ccd-ab85-4434-af70-848b46c4494f.mp3,0
ed07bab0-4a1c-4a9b-b45e-d9831043b07f.mp3,0
85835df8-a188-4387-9e58-2541587005b4.mp3,0
3e68184d-3dae-4796-9533-3a5692680762.mp3,0
2c3bd3e1-30c3-4aa4-bb8a-540d366929eb.mp3,1
4642d3a1-fceb-45a6-a6e5-f51419b171d7.mp3,0
8def63c7-e2cb-44f7-8484-aba0961eec15.mp3,0
add4ed73-ab77-431f-94d4-a84e5fe363d8.mp3,1
dcdca932-8c09-4365-a981-c89b7f2f3d59.mp3,1
c6ef55f5-4604-49d3-a1f4-9069cb830e9c.mp3,1
132bb533-c49c-41c6-aa93-b8f48a9fae72.mp3,0
f82133cd-94dc-4daa-a48c-4dd0668d5360.mp3,0
fadaccba-75e1-4369-aaaf-a13fb4a94852.mp3,1
9eb385b3-4c35-4318-bdb4-a9d1e0077986.mp3,1
564dbc9e-1e14-4767-93a3-272e90e9e09d.mp3,1
f83f21b8-81ee-441d-9215-29c47fbc00b6.mp3,1
319f7abe-b262-4d20-8683-8d273648e731.mp3,1
ed9ed49b-7af0-49d1-9759-48576fe94316.mp3,0
e1922af3-89b7-42f7-80ba-fe75c55930c8.mp3,1
56679b1e-74a2-4ab8-abb3-905f7cfbc6b1.mp3,1
db9926f0-e3de-4c09-8986-f82b4d94a680.mp3,1
1db33a9c-ecec-4b8f-b857-d178e46aaca1.mp3,0
1970123a-f894-4613-a7a4-d24ea2bce8a9.mp3,0
c8013123-511a-4d7f-bcb8-c718797ebd57.mp3,0
537d0917-9511-4536-9014-d4965920ed49.mp3,0
b053f8e3-3cba-4a1e-a4b3-70bc827cd566.mp3,0
30e788d1-1c2c-4f1e-937f-7550a952edc3.mp3,0
67d35407-66b9-4059-bc75-1c2ca46653fe.mp3,2
2d14704c-3069-444e-b83b-cb5f4b2c04bf.mp3,0
b1a358f7-1b2c-4b1b-87d9-1b21d26cac66.mp3,0
51be3eb2-6310-45b9-978a-0a5de2fd4df7.mp3,1
238df79f-bc21-41e5-9721-2f0dfc060d7a.mp3,0
a9edfbbd-d7e4-4502-b769-4a217393773a.mp3,0
b34d547d-2fe6-489f-9b8b-279dea06f03f.mp3,0
e56642ca-24b6-452e-b84d-0dbabb60bfbd.mp3,0
16d73790-d089-4459-805f-eaca678ef640.mp3,0
83294aad-e41e-4df0-8758-8dc569fc0b5c.mp3,0
db60b855-d016-4f3a-b0f5-b124821fc5aa.mp3,1
a0c180a0-ebeb-4f1d-b5aa-884d1d3ea82c.mp3,0
44bb20c7-d250-49a1-bc9a-18e9de5472af.mp3,1
d5af2e1d-90a0-4066-8ead-443a4f7a2e38.mp3,0
1f52735b-38cc-47be-bf24-b146e4b72c48.mp3,0
927efc0b-6488-4c51-a16c-01ecfd1e1b1a.mp3,0
36cda9dd-a273-47d8-97e4-f2772d017fc6.mp3,0
ab7d07d3-4f1a-46f6-8690-deac770abe1a.mp3,0
d17bdcbc-cb10-4849-b99e-e6459a44f1c1.mp3,0
33a09f4c-1e69-44f6-872f-951afb3db398.mp3,0
8160ab5b-a0b8-4be3-aa0f-6f2e288fded3.mp3,1
37d77efe-8a65-4268-8b34-c4ef1604b965.mp3,0
7a0f25ca-8962-4456-bf9a-5d089f0a385a.mp3,1
ab27c74a-f7f7-4afd-8135-b0a29ce8db7c.mp3,0
ab0c32d5-6c3d-44da-95dd-6da31e4d9fd6.mp3,0
a5f47ede-c9ae-4868-97db-3739cad64744.mp3,1
8438697f-2400-4c58-b1f6-ad6d00311c2c.mp3,1
7d3ebd3f-6bc8-4143-97d0-afe2a777d3cc.mp3,3
71753610-0832-43d5-af19-868cbed42693.mp3,0
aa1f2f0e-bcba-4ece-95c2-8c4c91e9fa66.mp3,1
a22b0959-4bb4-448d-9aae-718ec55923ed.mp3,1
8badb576-ef50-4fa3-8db6-63a271055d84.mp3,0
4c73f21f-e306-475b-88f8-c3fd483cd1f0.mp3,0
9449f2dd-ae07-4319-a1fa-5a620aa8077f.mp3,0
8deaddd4-6c25-452a-90ab-0331e7a0a3f2.mp3,1
b4e91c44-f26b-4f12-a0c6-f5d954fef436.mp3,0
6594a1f0-821c-4bf3-b73b-ee8ea381f7b3.mp3,0
f4f76b7a-5f54-4e9d-93db-e92db4b27b1d.mp3,0
dcd2a7e4-8416-4fe7-8447-d8c73f31d89d.mp3,0
c7a18d17-9fb5-46dc-896e-189931bc9920.mp3,1
d0d4da62-224c-4ce5-87fd-1734b17b53bf.mp3,0
570b4ac7-b021-443e-9ce8-a982c82405fa.mp3,0
848784f8-fca2-41f7-aa97-f750953048cf.mp3,0
9520cbe6-07b3-4ee7-a1d8-ffb547b87d3c.mp3,1
ed89a0f0-9e19-42f3-8f6a-99d90daaabeb.mp3,0
dbff0dcf-79c3-4808-a5bf-6dda64eaae29.mp3,0
22cdcb17-2237-4e69-b48e-78cdd75227a3.mp3,0
fbd47c12-46e1-45ab-8a29-e731367f2310.mp3,0
0fd5e311-c0fc-45aa-8df8-f97cfe45b74f.mp3,0
1df33929-c247-45f8-9136-6f38dd161bd5.mp3,0
4b55ce19-8fcc-4d70-b5aa-51c506760d1a.mp3,0
1ab510a5-fd77-42dd-bb26-29fd3a76a177.mp3,0
3eb650aa-2a99-415d-9452-b858082ed171.mp3,1
eb10301f-4c77-4ca5-ae8c-f7fbcbbb9363.mp3,0
8698bc49-f8f9-4bcd-8a59-f7bf85923703.mp3,0
1833f44c-dcf3-448e-93ae-20cc074f1c98.mp3,0
35e3495e-5b29-49c3-b32c-2a4791721b59.mp3,0
d6835456-ef03-4d82-88a2-05f780592994.mp3,1
2d91a2c7-1f3e-462d-9037-016196a2b26d.mp3,0
8900b428-6e90-4db8-9b5e-95d53a675cb9.mp3,1
0ab43c7d-7c34-4a00-ae27-5e3c99602a2d.mp3,0
4d0c2931-c2c6-4c29-8608-9fe040cf5276.mp3,1
6b8e6315-315c-44f2-a3f8-7276e2ef2f57.mp3,0
b03b228f-9dcb-4c8e-97c9-4bd3baeb0547.mp3,0
86245463-aa9b-43d7-8e98-a3a783271114.mp3,0
258422ea-6f00-491f-a950-978ba8571925.mp3,0
e79eaba2-8a74-49fa-bb7e-076ac124df70.mp3,0
2b306800-0c87-473f-91cc-38a85a457f95.mp3,1
baebaff5-1366-497c-a136-bb55ce64edb3.mp3,0
b2394208-88f9-43d5-9c01-c1efca717311.mp3,1
76ead8f3-78fc-42d7-a311-1cecc62d0220.mp3,1
12670398-cc3e-4dde-91de-a74bb9b5c605.mp3,0
7cb0012a-706d-4fb0-b824-d32693324287.mp3,0
1eff4db1-1497-43e9-9fea-20d7db3f43d4.mp3,0
11b83f4b-ff75-4b7f-9a43-94343c9ffcdf.mp3,0
ae5989bd-a85f-40be-91b5-d4dded45f44c.mp3,0
0c74b870-4548-4c32-a61e-20e560588169.mp3,0
683c42e9-d4a2-4f5d-ac2a-37d5dc932a1e.mp3,0
c26bcc21-470a-4184-b8b2-fd4f2866e032.mp3,0
de39b3a6-65a3-4303-996b-0c92bf059778.mp3,1
42106218-ed88-4bdb-9eb2-55cabeeb8641.mp3,0
25de8018-78fc-4ad0-a579-89ebce796bdd.mp3,0
085c0cf1-5bb3-4d36-b746-1993f17e9824.mp3,0
4131c762-91ea-46fa-a056-a4d813af5c0d.mp3,0
8180237c-e236-4583-aaa0-519f0cc8f2c9.mp3,3
9bf8cc6b-1e55-47fe-8c32-c3d7846a6c09.mp3,1
dc2fce72-e542-406b-994f-c905530d39d4.mp3,1
cb3df0c2-ea74-43d9-91e5-8f586ce6ccb3.mp3,0
93262f6d-559b-4304-b055-e2a273441462.mp3,0
4a9931c0-28b7-48c5-90be-3c9a95070b84.mp3,0
49d3e453-5539-4e24-8fc6-873da75663c3.mp3,0
cbe79add-62a4-4040-a156-dcc772ec407a.mp3,1
a6165880-aa09-4e81-bba1-860a68a3efe7.mp3,1
81cf2c92-5c6b-4408-baa5-74b97d2df942.mp3,1
a56241e6-3219-4084-b8c1-7b05707ec070.mp3,1
d337ddfc-2e9b-4a27-a739-bc5698edf19c.mp3,0
e71dff1a-d815-462f-8064-4f225a206b8e.mp3,0
d61f0544-2e90-46a8-b852-c96494ec11d0.mp3,1
f5588ce8-8302-4df2-87ef-f45c85f87654.mp3,0
f6b8c257-b0fd-4ccc-a123-87aae1899b7a.mp3,1
315c52db-53e5-4b28-bddb-3bf940408d43.mp3,0
64d2b62d-19ec-409f-8929-5452d19ded31.mp3,1
4fd0e7a9-6e58-4d00-bddb-214fd90fb0c9.mp3,0
56204269-f115-4e1c-8526-131b9030cafe.mp3,1
15fa62fb-2dd3-4271-9b76-d48eb3dc98f9.mp3,0
07983117-567f-4840-bf34-058b6b0359c7.mp3,0
532bcfce-9ee8-4b3b-82c6-908d70fca89b.mp3,0
dd6d8986-309d-4d6d-86e1-66a780e0b5a2.mp3,0
4a53bd21-290e-4483-b230-0e2d13c27c03.mp3,0
c19e4d3c-669d-4fa5-9d27-05cb85f325d3.mp3,0
36a5f745-cf70-4ae7-b104-204b0c21cf94.mp3,1
cfd72500-ea83-47ce-b591-dd99b6cbde0e.mp3,1
122e312a-e9b2-4b96-8e4e-bc554d0d98d2.mp3,1
c76cc2f7-3705-4537-a838-4d36d84adb53.mp3,0
9d6c8634-cbc7-4f77-9309-d2aeea128178.mp3,1
99cd7d23-3c44-466e-bd6d-8e29e8d46f27.mp3,0
9c358d60-fdb3-4cbe-a91e-0a9522c98f77.mp3,0
02b194f2-b61e-4567-8e84-6737b61b793a.mp3,0
1683313e-95cb-43a2-86e9-5df06278086d.mp3,2
20d9ed68-bbfa-4400-8d35-c3490c0e6ee4.mp3,0
f1055e35-7833-486c-90ba-52891b2fb518.mp3,1
3a6107ad-1377-49e7-8132-1bbf6e426c78.mp3,0
d4072d83-1be2-44e3-a5d0-054b0c13a31c.mp3,0
68bec4fa-6025-4960-8a87-f38ac4379b11.mp3,0
83b94fc6-93de-4613-bad8-bd86f34e34e8.mp3,1
dc93e17f-1dfb-445b-ab14-56491f302815.mp3,0
79ae2c97-73df-4be2-aea4-2b20e6736f90.mp3,0
02693465-c32b-49ac-b41f-c8e30be70b6f.mp3,0
f89aa06b-4e13-4e3c-b529-e0788c68de5b.mp3,0
fca5a89d-fa27-4391-9b99-f25de793ba83.mp3,2
bb2d9eeb-e4a5-4bb3-b942-c9f421f293e3.mp3,0
3fc91145-beab-40f3-8995-7d39f438a798.mp3,0
6fedea1c-3dba-48d4-8d32-b6b7432b8761.mp3,0
17eb5a15-342c-4a23-86e1-a6d21c66187c.mp3,0
510629b6-db17-44ca-8327-bce66af8b588.mp3,3
f1b4a651-0b8c-4386-a7b0-7b48b329f05a.mp3,1
b62a6385-8c5c-4b85-a8bf-9da8631806e4.mp3,1
0b5653e5-cc81-4a77-b1de-d508877dfe2d.mp3,0
96956e14-3323-4250-9a19-ab365b49c8c3.mp3,0
2451dd62-a797-437d-bbca-bf05d8f29a3e.mp3,1
f90f32c7-0cb5-4d57-9796-bcc42e3e8eb6.mp3,2
2497ab62-8271-42f4-94ce-f258f22fce92.mp3,2
87380c99-5de0-4e38-abef-224079b4722b.mp3,0
6848fe17-7f59-420d-ba14-41974e9acccc.mp3,0
39a51a6b-2b02-4f1d-b140-80e0cfdb6d8b.mp3,0
eb7d5e8b-b934-4c4b-a291-f89279564338.mp3,0
581f393e-e222-4a15-b974-aae4cca2ecdf.mp3,0
5f6ca890-333e-422d-99bb-da99b83ce899.mp3,1
4f5de1a8-5229-4e4e-bffe-8f7bca20d68d.mp3,0
0777d238-d24d-4ea3-9498-8d670bab8c3e.mp3,1
65c5c1e9-6c32-4fb1-8b9d-b93801959b55.mp3,1
12cb1527-5976-47ec-bfc8-5fb0e8c3b3d9.mp3,1
9e7f1458-825e-49ef-a30c-9993ba43578f.mp3,1
14928003-3ca8-4006-a41e-2d11bf76b7c7.mp3,1
afc638f7-4c3e-4881-adb5-b85aa590abc2.mp3,1
bca3e10c-f5b7-4f79-839e-770da1610c66.mp3,0
02a22eb8-f404-41cc-a804-47a39766f65d.mp3,1
f709c176-eec0-458d-b982-cfad63ea5108.mp3,0
051e0b8a-33a4-48ff-a1ea-aa25445dff30.mp3,0
4509cb43-5c12-4cd6-b35e-cd153a8535ce.mp3,0
13c6b42c-b400-43a4-99df-238a7cbc6fbc.mp3,1
1c01a2b2-32de-49d2-876a-de9820851979.mp3,0
ce7234c1-41f5-4c67-84e5-10eda40d3cd1.mp3,0
6dfc649c-1479-4fe6-b5ab-c17f849bd377.mp3,0
cb7bbd3c-df08-4502-9041-395be27031e0.mp3,1
57e9917e-d11e-4fa4-ae89-e172dac242eb.mp3,1
9e65a997-9c73-44d5-b054-e27213771b9f.mp3,1
97a72791-1911-4668-ae31-182ebdb9c922.mp3,0
c786d507-0584-4811-a2a5-442e8c4987d1.mp3,0
adf4f155-201c-47a0-b0c9-0b8f88261eba.mp3,0
15866242-d5fe-4223-8053-05f33675a3cf.mp3,0
6671c5df-18fe-4ffc-81b9-aee0313b6985.mp3,1
da9a69b0-406d-433f-b6d5-4723e496b01f.mp3,0
23a27238-450a-45d7-978f-c9ead1aaeeee.mp3,0
40c77c7c-842f-45b6-b9f6-207221dfd8a6.mp3,0
b19c4b8e-9a57-4f40-8965-5da77355b6a9.mp3,1
ee20797f-59d3-40d5-b7cb-1a802499e516.mp3,0
2ccf751f-2ad2-43c4-8157-25f2e3e4b8a1.mp3,0
d4854d39-38d2-4e7f-8a70-bff494977873.mp3,1
17100556-3c35-40e9-8ba1-62b147db64c1.mp3,1
bfb0a5e7-0fd5-4dba-9251-203fcda7ad4a.mp3,0
1c475f07-fd55-45f8-ac6c-235498de59e2.mp3,0
0ab0f5d5-1d33-48df-9ee8-f16f7c6d8990.mp3,1
dece21d9-677e-43ff-b84c-02a643965e42.mp3,0
b0437ed3-0d50-4d22-8d23-e6c4bddbd9ff.mp3,0
a4fd6485-ca72-4597-b8e4-b5dda88f2dbf.mp3,1
6a992660-9fba-4b7f-b1dd-4dcc3c238de0.mp3,1
d4892d5a-abe6-4fbc-aa35-0f57d560babe.mp3,2
a6ee7616-5e4c-4201-a84c-78c37c89dba6.mp3,0
a00f7c88-09e5-4b1f-81ef-5be839aa4c44.mp3,0
51093d03-0015-466c-82b3-3daf23e3bd14.mp3,1
c3269b54-7def-4934-b4b0-9f61eaa04c8d.mp3,0
422fc5c4-980e-4479-9b51-02b97127b1b1.mp3,1
fc8fe0d8-6883-479e-9dd4-6f0e26519087.mp3,0
7811fa86-00a0-4433-bb51-af998c85581e.mp3,1
fdc49c8b-b6e7-485d-aafc-14798b818a66.mp3,0
82c60856-4599-417c-9a01-e55ccd98d712.mp3,1
3644f77c-33b8-4b1e-9099-3c50cf2871d0.mp3,1
cc79559e-0ada-4ce4-94d0-b44db578496b.mp3,0
5c9a761f-2a1a-435d-9cfb-e70327cc9877.mp3,0
e0cc6897-28ff-488a-99ea-ada9da793e0e.mp3,0
42d06893-c2b5-49dc-98b1-4101b7daed09.mp3,1
0ae5a1e1-f496-42d1-8a42-a085071bcc9d.mp3,1
e5b68753-b1b9-4a0c-b053-6fc533d3e349.mp3,1
4cb104c3-ab93-45ba-9330-1e9378e68a7b.mp3,0
378410ce-5116-4bdd-b7c9-6775564a8be3.mp3,2
5b688979-f647-400b-b23e-a7d1684c6dc7.mp3,0
6227a8e6-ca86-46bd-9ff5-962a31ffe4d3.mp3,1
9ff8ddcc-5070-4a58-8d77-564df5f2272c.mp3,0
9d1918ca-4210-4dd6-8f3c-bdae6142778b.mp3,2
fe9c8878-cec8-4b35-accf-ac0e3e8f0d0b.mp3,0
ec5d4d23-b506-4281-916a-9583ce8073fa.mp3,1
ea13b931-b070-4617-a880-29cb7ec09a4d.mp3,1
96f193b4-e4ca-49f5-8a1b-96cf347e7a3c.mp3,1
9bbf085f-9f71-4f4f-a507-7fd17016beea.mp3,0
5354d710-ca08-494e-b434-0674c878b15c.mp3,0
bc1ac6e3-ab7a-41ac-b996-f4552e6c9caa.mp3,0
3c533733-fc28-4ffc-b8a5-a07f55fd3ac8.mp3,0
a6b06481-0a66-4d40-9b21-a061395c623d.mp3,1
10d79fcf-7388-42cf-b3ca-ea02b8a26be1.mp3,0
949ee8e8-4242-413a-a85b-4839be4ce6ab.mp3,1
743aea19-717b-4380-af83-0b1e94e24e57.mp3,0
11ad02ea-7fc5-49ee-99f7-17bc4c22e01f.mp3,1
1cf246e9-8a97-4a42-912e-b622d433ab23.mp3,2
8ce208e9-6495-458e-93cb-b14cb0b914b3.mp3,0
ae042b7a-e777-432d-8ac0-cfebb6e0f875.mp3,0
f27b6a41-f850-4b67-bd3b-c7a0c0dffba9.mp3,0
326d3103-da00-49d5-93af-b4d2be298bec.mp3,0
e0493fff-66bf-4e0c-93fa-afad564c9c1a.mp3,0
616a44ca-3eb3-42eb-bad5-1046ca1687da.mp3,1
c0cee650-20a5-4de2-9977-8470edb9e4df.mp3,2
b2b8ded7-9eb5-4639-aaef-bf957844d630.mp3,0
6c29443f-c259-4d20-a933-e96f35575f70.mp3,1
b3113267-a309-42c5-a426-0aee41b41dc0.mp3,1
fc77dfc6-9b11-4b9b-9929-0433e0be3ec9.mp3,0
7c823c4d-48ba-4198-a0f5-dd145c642312.mp3,1
70e7b731-03e4-4cf7-b1a6-cdbe3fd18092.mp3,0
74d48df5-25e4-478b-a947-cb57a675b02e.mp3,1
a6456651-8380-4844-bdf1-b28f55265922.mp3,1
fe6ab94f-641e-4b21-aad9-141b44cad6df.mp3,0
89b37ea7-93e9-4c8b-b259-7c22f5842c8c.mp3,3
324ccba1-3c02-471c-b935-ca0dec41e60d.mp3,0
61cd6599-282e-494c-8e75-28b0b29204cd.mp3,1
005b4225-c0ca-4335-84a4-2c501aca6871.mp3,0
b89af7a2-bd91-43cc-a73a-4856dbf9dc89.mp3,0
70aed2ac-9ff1-4b41-8346-3469ff2e6ae5.mp3,0
31fe4e44-08a3-4a20-9916-b97e20781789.mp3,0
a6c7f6e7-5d8c-4fe6-84c4-eab0f2b29c90.mp3,1
c745c7c6-d6d6-46cf-a3ec-d6f3f66169d8.mp3,0
464ac229-90ab-498d-904c-487ca5974d79.mp3,0
a734b068-d670-4107-ab1d-e62101c8e089.mp3,1
7d7286e9-7e10-4b43-88ad-edd931a37f71.mp3,0
967f4354-7fe1-4760-9ab1-1a0d0d14ce30.mp3,0
52ff2245-7c69-4a56-bdb6-39052f889784.mp3,0
f6c7c396-9182-4fbf-8ff8-2550be58c24a.mp3,2
30274bdf-4e08-470a-a790-35c4b9a6b72b.mp3,0
04acfb0b-e9f2-4e9a-9f2b-b2ee7e7537fb.mp3,0
c077d400-6307-4ff0-b61a-1a97405e4c85.mp3,3
172d5790-e3b5-4a98-8eb9-7f5d630e1f87.mp3,0
af68184e-d6d8-4d2a-975f-b5656390cac1.mp3,1
7bb594ba-a478-4de9-a837-7cdbff577941.mp3,0
47063c20-45a2-495c-b879-1ea40bd9c0cd.mp3,1
fb1a9d1d-b458-48c0-93b5-621b2efe2907.mp3,0
0528c4e7-5d87-4dce-bf62-37bb395ae4eb.mp3,1
69c78ffe-60e4-47f8-a68a-78cd0b732778.mp3,0
a6748a0b-7912-4c2b-bd18-2bae81eb6974.mp3,0
628240f5-a979-438c-ae92-f974cc44f04e.mp3,0
99e5e7b4-7b37-4f2d-9d63-297eb28e311d.mp3,0
d097f432-50ac-465a-9610-35733f3344e0.mp3,1
0ff0dbc8-e73b-4f69-bec5-881ba6be94b7.mp3,1
77826266-66f0-44cf-b3f3-6117ca33acfc.mp3,0
7aedbb7a-9300-4c6d-96a9-c71af1105044.mp3,0
357b0196-bdb4-4dc2-8f23-afa194d857a8.mp3,3
cba7fcac-1e0d-4b6d-9b9f-4069cc04bf25.mp3,0
6bfc0f08-a775-44e1-ac68-47ce0b41b56b.mp3,1
90f8adbe-6d80-4bca-87f3-547c05232c1d.mp3,1
ebef3460-e5ae-484b-bcfd-62eb1dffb261.mp3,1
442eff5c-0cbb-4298-b342-fa2cc415d796.mp3,1
a72ce0b6-4964-4571-a8fd-815051fc9fe9.mp3,0
55026941-65cc-4b12-9f3d-27511c974305.mp3,0
ffeb520f-8121-4aad-9e60-db0ec2d4f49e.mp3,1
b11d5cc3-ffd2-4ad0-956c-d91aa8b0e49b.mp3,0
eb927a80-8e5a-4ffa-84e3-1a48b94eda80.mp3,0
e76037f9-ac06-451b-af42-fd22afaf8fad.mp3,1
5d53e659-1dba-452e-9abf-f71b67f68cb0.mp3,0
dcf189f4-10b7-4c87-ad34-85608164e450.mp3,0
a7b21dcb-c451-4d83-8951-eadf6dbb3c6b.mp3,1
0fe5b78f-5cde-468f-8310-a36d30ddb50d.mp3,0
09cbd447-57b8-4e2e-badb-173d5d3e5980.mp3,0
a4ccd762-d920-486a-a230-7073a3b02aa5.mp3,0
aa36335d-13a1-4fae-be63-6916b8d09f10.mp3,1
346029fe-5a12-4bd2-8ded-b2fdfba0fe91.mp3,0
ede5c45d-53a0-4a9d-b0e9-6146e50842f9.mp3,0
0b51d25d-95fa-45a8-a450-c1a21cc5dd4f.mp3,0
6940fd0c-39bc-4f13-8e23-318b096ff356.mp3,1
c88343e7-f087-420f-a7b7-4c275b7f5fa4.mp3,0
6710c3c1-5b35-40a6-a25b-dace589b51e7.mp3,1
e8ef8b44-2a44-496d-97d6-1f5b6ac24c34.mp3,1
89843186-584a-4839-9e5b-2dd52d5fea06.mp3,0
11c67d0a-3fa1-43b8-b095-a6ff3ac2728f.mp3,1
28ef4bb1-2e8e-4cb1-80e4-fc911c51ecff.mp3,0
51acdea9-88b1-4526-b859-e2826160756c.mp3,0
5c9c737e-b17f-469c-a5cf-2c4962354da3.mp3,1
3f741205-14fb-43ea-a815-8ca58f3c8def.mp3,2
52877f63-4c44-41f9-946e-04a562166c3a.mp3,1
f4caee08-53ca-4aef-9881-36bf058167f1.mp3,0
b1e8e61b-c4d4-4375-8013-746097fac5f1.mp3,1
f75e9541-361a-40ab-b41f-64876c43b001.mp3,1
e61e9479-2182-4721-a986-7beb021e60f2.mp3,1
899debf3-00f1-43db-88fb-4b7b2ba433d8.mp3,0
4fcbd458-f17b-418c-8132-968c4d5ea5fc.mp3,0
d4f8fb48-54ab-4455-ac1c-496f4f4c131b.mp3,1
341883c9-7b0b-4655-9a90-b5d39bd26a7b.mp3,1
c633ed16-b54e-47b0-80ed-a24181cf1912.mp3,0
ef5da708-66c0-476e-b66a-d88b7ec8844d.mp3,2
96772f36-2ff3-46a9-bf44-54e51ac9c3d1.mp3,0
66593c2b-3f69-48ae-83d1-cce9c6d8b7b9.mp3,1
7721ffff-3666-4fe1-bb4a-47c865bc7b7f.mp3,0
98c13a5f-9172-42ba-9d98-5824c8a42955.mp3,1
5b1b9f29-6655-4e5c-aaa0-b6b35335a708.mp3,0
abe87d91-c4a9-4417-b01d-a85c99d4ad47.mp3,0
d4506570-d620-433b-b1a8-0d0c9f196afc.mp3,0
3a73de95-35e4-435e-a270-c636cdba517d.mp3,0
e53944fc-9f47-46e9-a777-2a52a1e41126.mp3,0
58d86534-8645-4365-a0c8-9588b8b2b61d.mp3,0
66959450-9962-4dba-8bd2-2c26c56f4e4a.mp3,1
0cf33414-a82d-4210-bdbd-7c44bacb00c5.mp3,2
327b7fec-c85d-446d-98ae-f5a6dd6bbc07.mp3,0
cfa2c482-63a8-4f50-a341-227b6be60ada.mp3,3
53faa38a-cf0e-4dee-badc-b6afdca6363e.mp3,1
d17f0ea1-7230-4e04-907f-104258bc4429.mp3,1
07024fcb-aac4-4fef-b563-67a5365d5e28.mp3,0
ecf15824-247f-4909-88f4-12d4ccf367de.mp3,0
3b1d3d89-94e0-4281-8a23-2eac7e638f1f.mp3,0
ffac17f1-e447-4556-9aca-447d483746b5.mp3,0
692cb328-649f-401f-8b26-f780b9897e04.mp3,1
c923baa8-39ed-40a6-b77d-23a391fcce8d.mp3,1
308fd68c-a4ff-43c0-979a-78a129bb7649.mp3,1
34401ae7-c4cc-4b1d-8b69-9e4fdb6f7c74.mp3,1
2a6bc039-e39d-4dfe-a83d-4559f311b1c9.mp3,0
0b74e962-4ea0-4e24-ad1f-65a4e0ef967c.mp3,0
1366d5cd-82c1-400d-a893-1dbb5b75d615.mp3,0
679f4983-eab2-44cc-8fcc-dc256ab6b22a.mp3,0
5fb13ee6-cf28-4233-a9d7-342ee4044dce.mp3,0
93e245c0-67a3-4ccb-9e11-a0794e7c2a29.mp3,2
1e9f8b04-50e0-4a94-a5d8-bf48b1a9565a.mp3,1
cf9443f9-8ee6-4e81-9205-cc6fa86e59fe.mp3,0
c406ae97-0cfd-45e4-9e14-dee99004cb1a.mp3,0
c07b0f28-97fa-4379-bba6-a6c78297ae82.mp3,0
48974cfd-00dd-49c9-9f9f-72b1eec471e7.mp3,0
c7567dd9-7219-47da-aa37-feecb0ed7171.mp3,0
eb050106-c060-4716-b12e-3eeb341c631a.mp3,0
bd46de95-d249-4747-93e9-ab43b7e9b896.mp3,1
b3151051-9526-465c-be69-9fb11e028ad1.mp3,0
27993435-24cf-4507-829c-956bd8dff9d5.mp3,0
64486028-2770-4546-a84a-f20fecc15a6a.mp3,1
9dae757b-9123-4419-9ef0-db93e91fcb98.mp3,1
00870bd9-a78a-4971-8247-9aff12c39c50.mp3,0
73cbc659-a11c-4065-ab9c-b99cad56f1ee.mp3,1
7587116c-3fbd-4ff5-a3f1-d48359056426.mp3,0
8af9a142-1b9d-4bf7-ae46-ff5bfa95df24.mp3,1
f15fde5c-8be8-4724-9d08-d2e005548d08.mp3,3
7d7db6f5-b970-4b80-8dee-5fedd23b3c87.mp3,1
1cfe68df-669e-420f-9ed1-86b938394463.mp3,1
11709c19-03f1-4952-bd48-a0f13304cc3e.mp3,0
c684d5b0-5ef6-4a1f-8e4f-bb0822a1cec9.mp3,0
cb183de5-c2d7-4ffc-a283-1865d2a810ee.mp3,0
0a030693-fe13-4bc8-a40e-8fff87a66e12.mp3,1
6acea3f0-dd9a-417d-95f3-4d02ecba7d0f.mp3,1
12c2995a-9dd4-49a1-aa19-bf35b826469b.mp3,1
ae6876c1-85d7-4a56-a837-4c92d7a509e1.mp3,0
04f64027-94c7-4774-b10f-03afdef9d267.mp3,0
d46b2f26-ee6c-4148-adcb-48c23588ee3f.mp3,1
a442059c-f594-41e3-8f8c-a31ee5e8171d.mp3,2
91bb1cc6-a042-4943-8d42-d77b1d877689.mp3,0
68bfc7be-851c-4acd-be27-a7352dd05769.mp3,0
89bde9e9-d445-4a07-8ec7-75439fbfee33.mp3,0
74f24a1a-773c-4fc0-8874-da65a364cde9.mp3,0
d76bcb43-65f0-4047-96d8-3e433967a782.mp3,0
35e12578-232c-489a-9ba3-9fb90eb53b4f.mp3,0
836b02a6-4fd0-4357-ab66-bba6a251ed2b.mp3,0
eaebbe4c-a7dd-4a43-b910-3ac6e31bdb53.mp3,2
c29a5f7d-3592-4336-be55-367476eb8c05.mp3,0
6f13cfea-0483-49fb-a8f1-539e44115e85.mp3,0
9b86e092-aa47-4f06-a92d-651379db8601.mp3,0
3c1da5e4-53d0-47e7-aa89-c3c7c51bdc60.mp3,0
c4cc607f-e9dd-4460-860e-1b2dd2e3a85b.mp3,0
e48eede7-da17-4dd9-84ec-b26b6264b236.mp3,1
a4daf0b1-0e5f-48df-ab70-e8ffe292a72b.mp3,0
4838ba7e-0643-473d-9d9c-799e2bdf3639.mp3,1
e7c3b1ad-decc-438f-a02f-268b199f2ff1.mp3,1
bf249d41-eb77-4829-9920-d9b0f7b7ebab.mp3,0
4f8034bb-a245-44b8-aae6-1fee8754fa65.mp3,0
d2a3addf-3e90-4dea-b4f3-f638391d4bc9.mp3,1
a5341d4e-4f45-423c-99a2-6254caca53cb.mp3,0
e7e68ad9-b4f1-4cb9-b6da-2b9c529ee501.mp3,0
3fbcf46f-4b87-458f-ad5d-33031391db2d.mp3,0
f1663542-fd81-4728-b4d0-f50b414292e2.mp3,0
d1d40a0c-edc6-402b-8978-97a4e297b0f5.mp3,0
588b0ba4-48cb-4503-b947-05978829732e.mp3,1
ddc0542f-e8ab-4110-9f68-23e29fdc77b2.mp3,0
190aadff-5b99-4800-8064-a3943065f81f.mp3,0
16a2f1c3-0531-471e-adff-0748d626b098.mp3,1
c2340710-827d-4401-8b1f-6981241e9ea1.mp3,0
c73f9b6a-2f90-4505-98ff-7e2fe732a489.mp3,1
101bcc90-d43f-44a7-b3b9-ccaa8c11e7b6.mp3,0
cc081945-fbd6-47fb-aeeb-85df7a8d8a39.mp3,0
f583e1dd-6e54-4a31-8a87-c305750fc581.mp3,0
1672f10e-742a-48e0-aeda-2a1ab354bc8f.mp3,1
d430f47c-89f5-4aac-80d1-109b54055e6b.mp3,3
eab65a56-37c2-43f5-9e25-6dada20298d0.mp3,1
1db5a60b-d79c-4ab9-a0fe-380c24e3efda.mp3,3
83ff518a-6270-4038-b4e3-ce846d820795.mp3,1
cdfb2832-de47-4990-8ab9-f7c9fa968064.mp3,1
24d1248c-8fd2-426d-8c3b-2a5857438a2e.mp3,1
a1cba17a-5596-4fee-b140-fa066d1ca00e.mp3,1
21e5f159-4d76-42cc-a1f1-10e73df87c2a.mp3,0
54bcef7f-c283-48c7-afee-887110e8c23e.mp3,0
a4471da1-44e2-4852-a31f-9dbf207d6643.mp3,0
fefc2cdd-254f-45da-b2e9-093f67824a3e.mp3,0
b61b6834-8265-4e70-9f38-12a58ca66581.mp3,0
0852631c-9ebf-435f-af73-49e9f4aa34c1.mp3,0
6cfb8cc9-6a21-4d32-a392-59721a130d2a.mp3,0
464b481f-ce43-4deb-aaf7-bf5a36d9d6e4.mp3,0
5fbf7c74-6a7d-45e2-a964-013222f8a82d.mp3,1
ca92eb58-4b30-45f7-8eb7-def82ee99f0b.mp3,1
55cc33f2-9ff1-467c-b97b-ccec2194bd3c.mp3,0
c6671084-fc7b-4c95-aafa-975af48584f5.mp3,1
0a238d56-58f8-4d27-b30e-dd7d7d0b3d31.mp3,1
55fe535c-0231-4781-89c8-53cd7093a410.mp3,1
33618810-e5e4-469b-b8dd-221f8d35af06.mp3,0
234d0d47-5c2f-473e-a891-9fb73c081dc9.mp3,0
cc30a3c3-9479-4587-b4eb-9e1ae76db76c.mp3,0
cfd58996-5fd0-4268-9a2b-782b62b7db8f.mp3,0
af9279fa-d0dc-4872-aa34-b00a02fac710.mp3,1
ed0c5aa8-f6cf-4088-8c64-7e89ada3a37f.mp3,0
ad9b81ad-18b2-465b-a65d-0124d6c421db.mp3,0
54a3ae7a-3479-4ebc-a035-c9d371dbf08d.mp3,1
ca1eedc6-e7a0-4117-931d-041a6182fd9f.mp3,0
8345ad5f-e29e-4a9a-835b-658d8d0f433c.mp3,1
fb7998b0-ee78-4ac2-833b-2fc79dea26f0.mp3,0
5ecd3a41-966e-4ca8-b526-4d7f5cec4b73.mp3,0
716696b0-70cd-4a1b-9518-f87bb15e50ab.mp3,0
b75773e1-139f-4f75-8ef9-e61bfc386b92.mp3,0
6dee6ea5-9b5f-475f-8b49-725ed8ceb256.mp3,0
e5d2f2a5-22f7-44e3-bb70-daec29a78671.mp3,1
8cc6252d-b62e-45db-a501-78b7728c195a.mp3,0
68403e9f-948e-4631-8bf1-63bfbf18cb92.mp3,0
6e4253c9-a8d9-4d97-b857-09df4e6b1842.mp3,0
acbd1e31-3db1-4c42-bc8f-67dbb9e3c84e.mp3,1
73ff9046-b963-4c72-b09d-ef629547c2ed.mp3,2
7fd01e06-286a-42d9-aeb1-becd091b5010.mp3,0
cff89c21-60fe-4965-866e-8263902158d1.mp3,3
6ef53b71-6207-4a35-b1df-bd8a08e3360e.mp3,1
05971919-06b8-4c57-bf15-b37e5e298e82.mp3,0
908b24b8-eb48-491d-95e8-f75fcdc861de.mp3,0
3c5330cc-bef3-4800-8d41-c3de7bcc42bf.mp3,0
a8f54c30-bc09-40bb-95a7-177c88a509e7.mp3,0
88582a19-1709-48ba-a2c1-cbe75e7dad1a.mp3,0
f8069bf1-f2af-4b74-818e-4b42dd510db7.mp3,0
7571cf74-12c3-4830-bad4-c2e0f54d512c.mp3,0
100dc390-8cec-434e-a00d-647697c50565.mp3,1
29558ea3-7336-4d3a-93d3-ff69863bcc56.mp3,1
28afb0b8-78f9-44ee-9090-af6a0dec436b.mp3,0
9ce46d47-e7d4-477c-8c35-26d39dd747ec.mp3,1
4547c8df-e6ec-42bf-a224-1a4c8bdff1d5.mp3,0
ac923389-dd99-4741-a39f-8e04f6a06295.mp3,0
65a0dd2d-2202-4135-80a9-58957da68c19.mp3,0
edd8aac4-b218-417c-a8ba-c49d32a263f4.mp3,0
f2b9d28a-1db7-46af-a856-6224a73367d1.mp3,1
68aeccb2-30b3-4562-8924-053ea972299e.mp3,0
55af3d8c-4bcf-4b1c-9436-a065c2bed951.mp3,0
b9387fba-8009-4a8e-9443-b67068d634e8.mp3,1
d629bd45-9856-4f70-b74d-586f14ad4536.mp3,0
f718c19b-d42c-4611-b81a-bab5182f31be.mp3,1
a7d40b4f-5407-4673-bd0e-f0a497a54711.mp3,0
8647c186-a865-46fd-b0c3-ea350ecdb0ab.mp3,0
1570997a-7d22-4c39-bb1e-67d53f53069b.mp3,2
3a378edb-b4b5-46c5-8175-3add9f517765.mp3,1
151eddde-8274-4e00-b63d-0198f49220d6.mp3,1
6e854904-6723-4530-afef-a557939849da.mp3,1
f4180cf2-329e-4026-ad5b-24c2113558dc.mp3,1
18735b33-c129-406e-b244-f4b5aee92655.mp3,2
bf291b95-209d-476c-b1b4-90d4e50c9935.mp3,1
276b58c7-b4cb-49d3-976d-fee941c347f5.mp3,0
a50a0329-a4c7-4e14-b46f-a6d7edc5b22a.mp3,1
aa6fbdf7-6442-4168-b60b-60cadbc21eac.mp3,1
227fc2ad-b8c7-4f27-9277-22b7c1a05379.mp3,0
35d33236-7ae0-4acc-a9ce-cc30ca27a2b4.mp3,2
cda54033-e0f0-4799-82cc-a4c6322a2f43.mp3,0
a30f9d97-22ba-4bbe-9299-0325c8b4a322.mp3,0
258b05f9-b304-4004-b00a-11cd7663522f.mp3,0
2db9c904-d0c6-4780-bd5e-354341572779.mp3,1
1306cc87-f809-4cb7-816f-73d17ceec896.mp3,0
f9683ec1-c9b0-4363-aee0-4a7542fa1de5.mp3,0
e366efcf-27dc-4c42-8fc4-22f6e392996b.mp3,0
08eaef7f-e472-4f15-80a8-ff4cd71f4bdb.mp3,0
38e27470-0ddd-401c-8732-59f4c49b9a71.mp3,0
9695972a-93aa-4572-bec4-712a7803edb5.mp3,1
151553ad-88e9-4d72-96ce-781f11bb27dd.mp3,0
a625c99b-256e-411b-b19f-c170d8e6ece6.mp3,0
49f71c27-1594-42cd-9245-60024ca7c285.mp3,1
ea660372-5ed5-4d2d-9581-ff9e3ecc5ca9.mp3,0
9f1c017a-da93-458d-8509-d40a3bda8c7b.mp3,0
05ca3809-628c-45fe-9f10-84ddb7cdb082.mp3,0
a5437c74-989f-4cf0-8017-6dd645cefbf8.mp3,0
714ecda3-5522-49a8-a903-5918fcc28570.mp3,0
e9564972-1be1-4f89-bd88-80b6881ae032.mp3,0
3c1441d9-9c42-40e4-9cb9-d8382432c859.mp3,1
f96429ad-78d4-4ee1-8b2b-1f1505d426c7.mp3,0
efb9a253-ad38-4f67-b5b6-06facd811674.mp3,0
19696648-200a-4a9a-a4b8-45a6601be8e7.mp3,0
a48243f8-1578-436c-bc7b-257cfbf7238e.mp3,0
71ff121a-9ebd-4caf-b944-0ff9caa0f439.mp3,0
9ccbe538-fb01-405c-b346-ba5d913abe9f.mp3,1
7265d7cd-18fd-4cd6-b929-355ab3171f6f.mp3,0
f7aa2a5b-a87f-43da-b2c4-01036f25b4cc.mp3,0
46fe46eb-a07e-4b37-b9f5-3e7f6a96219c.mp3,2
c019cb79-5a39-4b4b-842c-bd975d620f84.mp3,1
57a9d90b-c9f4-4f75-b381-5d907778dbda.mp3,1
a29158ba-6011-4c97-bc3f-0d3b200f85db.mp3,0
6cb2209c-86c6-4981-8bb9-b8e561d076de.mp3,0
b6d679bc-8e71-4239-9284-1f93126a99f0.mp3,0
b56f3492-c6e6-45c2-9468-1502cd320c2f.mp3,0
af0a7fa3-fb45-4697-84e7-5f79447b9381.mp3,0
891a1dc4-84b6-4a25-9b22-dc200556d8a6.mp3,1
6c76afde-c4bb-4b28-a6af-c7f01aff6c6b.mp3,0
50bde5c5-d51b-4711-ab09-5390bcffaf0b.mp3,0
2f43663a-7404-4309-852e-7158dd03d393.mp3,1
4231103d-db9c-4d9d-842c-a2b9cfd61086.mp3,1
e3bbb6bb-c77a-407f-b027-40669d705745.mp3,0
d780acf3-29ae-462a-8faf-5d25d89f0109.mp3,1
b6076c8e-0b63-4b51-a549-33c304eff511.mp3,0
ad7aec96-a5f6-451b-a663-61f26f28a2f8.mp3,0
24b81274-6f3a-406b-b9aa-15e42e2613ec.mp3,0
edc42474-2e20-4687-bd7f-b9788e7cf971.mp3,0
9564e6a0-0866-4115-99cc-fc54398521c6.mp3,1
07100100-d763-41d7-af22-b6b1ec1cc001.mp3,1
91b7cb32-6b0f-4e95-8cb3-bc8ba2eace69.mp3,0
e97530ee-b8cf-4460-b5ee-ad11096936a9.mp3,1
5322bb8b-6ee8-41b8-8aef-7cb45bb73a03.mp3,0
c8ec1f99-aa27-4a11-b763-b8797dc0c12c.mp3,0
a4167787-ccef-4684-b596-f1eeec201fa5.mp3,0
bfcb25ec-b4e0-4a01-9769-f3c0640d3867.mp3,0
c1d73069-ea86-4724-9266-2ae7e2021508.mp3,0
aded451b-b18a-41f6-a111-2f4442130729.mp3,0
cbea5254-f5af-4695-b1df-f02e8553b908.mp3,0
8fbb6f0c-3dba-4ad4-a56a-c7c04291e967.mp3,0
5f03fdbe-85f9-453f-af1d-64cdc3c1cdd5.mp3,1
4cd34d05-80eb-4fb2-8fdb-c523071cc5da.mp3,0
a3b4d545-e9e2-4683-a415-3550a4f39f6a.mp3,0
99bacc5e-9409-46b2-8537-dd92501487e9.mp3,1
aa69ed1f-c118-4e9a-8e9c-9fa92c8b8963.mp3,0
ccbf82c0-4727-4bfb-8834-7d2792ee8682.mp3,0
898d7538-f139-4b8b-8bbc-fd4c959cc7c6.mp3,0
5a55c454-30fe-4b62-b1ac-bd7e40bfd83e.mp3,0
33fe918d-55cd-46bc-becf-960bd57a31f6.mp3,0
611c9f9b-6249-42f4-9165-124dfb50300d.mp3,1
21353b1b-4351-43d6-8b6c-f2e638376087.mp3,0
44e2f6d7-3779-40c2-b7ec-b989c500f50a.mp3,0
e22ad52d-c91c-47ec-bdf9-93f595108468.mp3,0
cc41a213-a1f0-4273-87ed-9f13b9b14f88.mp3,0
31b44bda-f22c-4a20-9d26-2813010eddec.mp3,0
f4230151-618c-47af-bbef-cbb0c47fb497.mp3,1
7bb79b81-0d33-45c3-94a7-af9b2640d235.mp3,1
5a46e968-ae66-4d97-82ae-a12b27d15f50.mp3,0
d67079da-18bc-4f39-841c-9e69e6fbda2b.mp3,0
cdf9dfb2-32c3-431c-8bd6-aa92f563cc04.mp3,1
a97b2914-8197-4df7-ae3a-3fdbb9fcdeea.mp3,0
cf664724-68a1-42dc-82bc-0c186a272582.mp3,0
2aba931b-351a-4cf1-acc3-528bf9263362.mp3,1
037f0bb2-da6c-4c7d-a72e-4beb67e42995.mp3,2
45d387c0-2244-4925-9c8c-4c2c038d118f.mp3,1
56617802-7345-48c5-8a75-c07bfb806182.mp3,2
66a182b6-71ed-485e-8ae0-6b2b45525078.mp3,1
a74cf339-b0ca-4579-b7e2-fbe5fdcd3e82.mp3,1
7a74d2bd-ed4a-44e4-9a2e-f429f69d30f1.mp3,0
20131cd5-1299-4cfa-9821-d09d2e12883d.mp3,1
26150237-06ca-4837-9097-63bf9dd68225.mp3,0
1ed0d521-9d7a-45df-ad4c-0fc537e5532b.mp3,0
8d482d31-1f20-47bc-b615-70ef8a524c7d.mp3,1
dd3c35ce-aa56-4557-a86f-68ba670dfb90.mp3,0
d30c5622-0806-4b31-8b02-d034e790ef52.mp3,0
ba403e28-cdec-4844-b6cf-a1e1e04d039e.mp3,0
efda9a19-6046-4775-a014-5cc6458364ca.mp3,1
91e1fab9-f718-4e27-979f-6b1b7cc785f2.mp3,0
b282c303-954c-46b2-94c5-e6bd93a84530.mp3,0
081a092b-a0c9-44b5-bdb5-4f8e3db6da7f.mp3,0
a0b6335e-b56b-4fa7-b762-c0ce03a247c8.mp3,1
8ef6498c-aa35-47e6-99b2-dc2581282732.mp3,0
2175072c-cb31-4f1b-879e-8ae6a8f24c13.mp3,1
c91f26d5-f53a-4d4c-a3bf-867c16bba125.mp3,0
ae713154-f902-46c0-9cce-b32216487afe.mp3,2
60959367-2d43-46b6-9480-401db99c9ecd.mp3,0
dcc10ef8-d641-478d-a759-448f49f6d172.mp3,0
c109e4dc-8bb4-4350-b8c0-69cedd032e31.mp3,1
a53ec94f-a4d0-4673-93fb-f9843155b47d.mp3,1
cada693e-a367-4892-a82e-75d17aaaf667.mp3,1
dfa035eb-9c6b-4691-8314-7775b4a22492.mp3,1
2e918c15-7462-4d1f-bc0c-08cfc48e2282.mp3,0
43d4e6de-61e0-4d77-a366-083219b62a18.mp3,0
f4b071bc-9076-49f3-9793-84d89d745d03.mp3,0
7a1b1569-7bfa-49d7-8725-740a34a66998.mp3,0
156fef26-4380-4526-9fca-e22ba4fdc678.mp3,1
fb7d1723-ed76-4304-be4a-516a2bdb8aa8.mp3,3
e7e48c6d-ffb9-4a5a-831b-7f8a3b042585.mp3,0
264daa41-67e7-40b1-a0fe-64342309e81b.mp3,0
4e8f2046-d681-4c2b-9974-dda4f4743a7a.mp3,1
c1555e4c-d156-4f79-b30e-9f19d9811d2f.mp3,0
5cb8628e-495e-47d7-b6bb-951deb23dc48.mp3,0
3104005f-863c-4444-a393-6593e023e6d0.mp3,0
bf1368aa-4867-42b3-bf84-d036a0d2b143.mp3,0
f1a2a844-c5ac-4bd5-8a1e-f60f73f8098d.mp3,1
de1ac579-f156-4303-ae96-c57c5d743e49.mp3,0
049eeda5-4dc2-4f54-a37e-08f6a73b05f5.mp3,3
248b6eda-93a2-44b0-80ad-4e0bda6556b4.mp3,0
1e72d3f6-5c12-4c84-b8c9-b2b69c71b881.mp3,1
5344e7e2-36a8-4406-b064-dc8e1bfa853a.mp3,0
ea2a5256-31ae-4f54-aefa-6dfa439d3620.mp3,1
1dc41f43-c203-4acd-8fda-17b8012d2f3b.mp3,1
dd5af03d-2839-495f-afbd-b27f8a281506.mp3,0
c7f9a64f-1dad-465f-a958-90fbed5a0da8.mp3,2
2dcb8eb8-7f07-443d-8edc-597fb9b30bce.mp3,1
fc712b3a-ab3c-4c3f-aa9e-8c5848112434.mp3,1
62a55304-c4c3-47ec-b0eb-da64e55ebd52.mp3,0
eebfcb77-345d-404c-a043-1f04597914c1.mp3,0
16148309-3975-452e-b1e7-da0202472de6.mp3,0
b354c6be-c168-4645-bc70-0390737ccbcd.mp3,0
a4f81b48-d06a-4a99-b6c4-258869254c35.mp3,0
d4266ef8-383b-4678-b2da-96d8b3925cb6.mp3,0
f0784e29-22ab-493a-af39-2e53965b36a3.mp3,0
7615d5fc-8388-4b41-a860-b1257f9cabef.mp3,0
3262db72-4f1b-4897-b904-f85da78eab58.mp3,0
9d21823c-8dd9-4f4a-95c0-236306760974.mp3,0
685f54fd-2a1e-4fca-9675-5a4cfb48c9ea.mp3,0
fc9ceca1-1bf9-4684-9ebf-3ffd7f160cf7.mp3,0
416561e4-b111-4de2-81f2-1ac3cb4a3927.mp3,0
bcf3d1c1-156a-4e9a-9813-cb03c71872c1.mp3,0
b45a71fc-9fa3-4a34-be89-247df2fad4e5.mp3,0
4ead7a05-59e4-4387-b341-c55d1b19fa78.mp3,3
271f705d-2356-4715-8a55-a5e446b0d94f.mp3,1
8ad0c3d1-ff00-48f6-9066-afcb435db8d3.mp3,0
46acf838-ea1c-4c21-bda4-119f32f78931.mp3,1
180ea4b5-16b1-48d8-9493-e497d79421a3.mp3,2
dcf1b100-0e6c-4358-8156-5f02374d1bb4.mp3,1
81468e60-3f98-417e-9273-e11fb2371d05.mp3,1
0501e228-6de7-4236-a352-171ceab86855.mp3,0
6863d249-4581-41ce-b677-c7f8fd7732ae.mp3,0
13f06973-ac42-424d-9ae7-1a4ff45760e4.mp3,1
91c308e7-a6f6-4aba-973c-bb655131882e.mp3,0
172327b4-5656-4d61-8ee1-fa6bc375e185.mp3,0
3558aa69-c4d0-4dae-afa3-23eb6da3e857.mp3,0
7af12ad2-7151-441f-b9bd-4756253c4329.mp3,2
8afa4e6d-d21e-4a06-a24e-9d7c651818ab.mp3,0
db5d02f8-045f-4408-a10a-dc2ef3c60e52.mp3,0
b6aee722-2bc3-4646-a791-f9c746e51fd0.mp3,0
18870b01-4b32-403f-9234-9da011a925f7.mp3,0
7560b2a9-7585-4e00-92be-0398a4ff0e5f.mp3,0
79e7d313-2fda-4ae9-92c1-bcd2c4fcdc85.mp3,1
fd97437e-7059-4411-9bd9-efb32348a2f1.mp3,0
fe9f643d-24e6-4e07-9472-6d386ece48b2.mp3,1
f0a9ea6f-67f4-4dc0-9718-47328423e926.mp3,1
6272e013-1123-4d61-8696-9f74eac20a37.mp3,0
a516823e-9586-4cfc-9131-2e4fe8446955.mp3,1
65c0989d-3a1a-4d54-b188-27889006e011.mp3,1
65692797-bfea-49f6-a6a1-6dc0d7a7c8e8.mp3,0
b139a515-54ae-429f-a03c-8fbba78ed33f.mp3,0
3847655a-41d0-4cda-88ce-ed1b080cfbd1.mp3,2
9e9698ef-9dc8-4c7b-b982-abeae5c59268.mp3,3
b9e12cf3-7c99-4567-808a-f652e4729711.mp3,2
2f7025d7-24e5-4726-8a98-0bbc12d15ee9.mp3,0
ce6ec589-e453-400e-993d-d7fe5d57a58d.mp3,0
e9a4f31b-2b81-48e7-9623-ed1ca00d4328.mp3,0
7dbfefb4-4f05-43cc-afee-6d655bc7e082.mp3,0
5cd35ef5-7cca-4e80-a4cc-8aac1454f67a.mp3,0
4058f90b-e587-46d2-92cf-c4b141112e79.mp3,0
67f17ba0-29f0-4156-bfaf-a3955fb3dc66.mp3,0
e095a5c9-2df8-487e-8228-26ee9dd66a39.mp3,1
e9005926-70e3-4a13-9313-1233e5803c23.mp3,0
85076540-22f8-45ff-8341-82c3d7e411d2.mp3,1
9c83dba9-d744-49fc-96cf-2f6fd8a6b529.mp3,0
a803c8c4-8eb3-4ca4-b147-b09dfae0ecd0.mp3,0
415c9e6c-7d3b-41e6-b26e-2d97510f3d45.mp3,1
f7235d88-f3c7-42a8-b600-4143d6e48163.mp3,3
2fffec42-d06c-4511-b0b6-3a927aaa2037.mp3,1
1c7e970c-8721-4662-bd9a-039358a3b03d.mp3,1
2026a77b-f858-4d6b-ae14-71444e6477cc.mp3,1
f1cd3961-4a9e-4f12-b60c-72a28391cc96.mp3,0
3cae5a0d-c163-4a62-b091-79e39f331ea2.mp3,0
4f1b654b-a1b1-44ad-92a6-8d0201652002.mp3,1
cfcbeccb-8524-453a-aff0-d6c3e9cd8fff.mp3,1
0788031f-3dfd-498a-a668-1de2eeb49513.mp3,0
485f29e7-0561-47c3-a91b-c8d23ea9aded.mp3,1
e6871530-59e6-49e7-b473-28416bab4f20.mp3,1
bcd2cfae-6a20-4689-a5a7-9a2921b25f35.mp3,0
224cb37d-b646-48dc-b94e-2c5176186f20.mp3,0
8abae0bd-a05e-4b4a-9b8a-8ce588dadc87.mp3,0
d439ac90-1550-4c04-8010-348e2f5388b2.mp3,1
b1865c31-94eb-4a66-9044-16023b966922.mp3,0
49676ba5-436e-415d-a4af-6dd989ef070e.mp3,0
03f84fcc-4e39-4ad1-bf27-a333987efb07.mp3,1
fea18bad-0528-45de-ad89-abfb1b409bdf.mp3,0
ed6abfe3-3ca3-481f-a133-7fe1bc94ae28.mp3,0
dcfeb1e0-b6d5-4008-a62c-178c57cbddab.mp3,1
2dafca02-92ce-4ff6-8a35-2d6763eb493e.mp3,1
64a10d8a-d2fe-4b56-8836-cbc918d4d016.mp3,1
28c2748b-486c-4614-b29c-7f77c2bffe10.mp3,3
206c1e16-32fc-48ba-84a4-d713cf24a44d.mp3,1
32f4db01-a0f5-42c4-ab6e-bd503aa5181f.mp3,2
cb8e2b6a-b0d0-47e1-9d6b-07eff89d836a.mp3,0
0d30e479-f590-417c-aa04-36d23e3e251f.mp3,1
f8050492-00b1-42a4-ab04-162b6f1b06eb.mp3,0
aa876d64-780e-4645-aaf3-15acdca5d4af.mp3,1
8392a84f-53ff-45b7-83c9-49c4a08da579.mp3,1
d63677e8-3f79-4468-9d31-3c59f9a1a0dd.mp3,0
3bc4df81-1e12-4876-ba61-fa5357d3ab71.mp3,0
9565d5dd-a156-4ade-b3eb-dcb318b684f8.mp3,0
13de3ca6-797a-42e4-879f-141bcfafafa9.mp3,1
c821ae3d-308f-4fcc-8c4c-08c39ba43b20.mp3,0
c19ed798-4fbe-4eff-b1d7-42254932b973.mp3,0
de5ad1af-1e21-4bdf-bf2c-81aab4dde3fe.mp3,0
e26be545-8d51-444d-b138-6b00a3b84912.mp3,2
f342ffe8-e834-4264-84c7-18b759f2f66a.mp3,2
9ee576a7-4682-4704-958a-b4ca6a44c114.mp3,0
2f1cb8c0-178e-4ed6-af4f-fa84a0952aad.mp3,0
c661a25b-1c79-41bd-b1d1-8821d2c1b460.mp3,0
092e579a-d357-43d5-8378-ef87e76dbba5.mp3,0
43b4a13e-14e7-4aa9-8969-6677d599606d.mp3,0
4a2757e0-ca20-4671-9fbd-144adc74f810.mp3,0
01195010-508e-426a-9d05-960b3d0e4373.mp3,0
a5eb34e5-6939-465e-bf0d-f70c0bd7a3fa.mp3,0
85ad2023-87c7-4a30-9d29-000d5abac703.mp3,0
9b7bcdac-3067-4d4e-830d-d29b18b5b56f.mp3,0
4008d4af-ae53-4372-831d-aea407f6b77b.mp3,0
d6fe2971-abd1-4250-9f3a-de726d8db16f.mp3,1
8cd7991d-087b-48b0-aaeb-ad72e530ec2f.mp3,2
3799b55a-fbe9-436d-aef5-b30eded159c0.mp3,0
f9737187-b593-423d-b99c-dec1cec414c0.mp3,0
8ed9ef04-11e9-48aa-a909-ee9d27add50e.mp3,0
4f887ed0-d18d-47ea-9177-1d12f473db46.mp3,0
f0d38d24-a0d7-4d0d-a39b-b07fae945197.mp3,0
b3482cb3-ca7f-46a7-8254-c2c4b7883dfa.mp3,1
95751935-f8a6-4c9d-a35a-842ad736635a.mp3,0
269b4531-0e30-4b77-9006-dbfa6c7f143e.mp3,0
24c4283b-9ac6-45b6-9dc3-f52dcb25826b.mp3,0
db27edcc-fed6-4d5d-9aeb-3c1faf93810e.mp3,1
e6f041cb-8da2-4efe-9cb4-528703af2469.mp3,0
750a57fe-1781-4960-9204-a83951550bd0.mp3,1
929876da-cbca-44be-9685-0505767dfc53.mp3,0
6e53362b-f5f7-4f61-a01c-e7f7af9cb1d8.mp3,0
3f85e6d1-031e-477f-ba65-c0ff69a83ffc.mp3,1
877bc41c-57c3-4be0-a90d-8cd4857ce10a.mp3,1
fbd47a96-0d03-4c3b-8425-31bb59063865.mp3,0
6125e0f9-d199-45c5-986f-58df866a4a9f.mp3,0
c5acf3cb-320b-495b-9c2a-107f8593b0c0.mp3,0
d6b61ed3-50a2-414b-9056-73fe466b4b39.mp3,0
22d9323d-b381-4927-9ba2-b3b259ad1b49.mp3,0
e04a7c82-affc-4184-a07f-3cd32a0e6237.mp3,1
acc66d6e-eaee-4b92-9f21-de8a0783f891.mp3,0
1004a122-ccf1-4431-b17b-13341fb5a0e0.mp3,1
abad6c3b-e718-4700-bdcf-066f80320f68.mp3,0
9d27a388-a180-45ec-acf2-55a075f637ea.mp3,1
bb73a793-48a2-4f6b-9be8-b7bf89169236.mp3,1
704f95c7-dcd0-42f6-a2cc-c7b210d095f6.mp3,0
8237e0a1-5537-4010-a4fd-91aa5d8c6c80.mp3,1
359d8c06-28e9-4dd1-b97c-b26912ac59c8.mp3,1
d81d97cf-f68c-47b4-b06a-fb109f492963.mp3,1
893195e0-624e-4ffa-8cc4-425eed0899f6.mp3,2
ddd89a9a-235c-4922-bcea-91f81d77b99e.mp3,0
230713fc-26a2-4e8d-a2c3-fc4e9a02b202.mp3,0
cff1a0da-efac-40a0-83a5-c5cff87172a9.mp3,1
2c00f4c1-f3c7-4563-aa96-0a72fd12e559.mp3,0
2627a819-6530-4f04-91b9-6edd1f24471c.mp3,0
f1a3f928-18f7-4290-aab8-d9041d02fc5a.mp3,0
7bb5b2e1-3203-490b-ab88-0c9c798fd01b.mp3,0
54418940-593a-4858-b736-3d66ee385a7a.mp3,1
4aacc517-c4f6-44a6-a594-4b146930c66b.mp3,0
9063e826-35ab-459e-a921-38c31601f3dd.mp3,0
72bf9f79-7f28-4311-adf4-ff911f3433e9.mp3,0
fa4257fc-859a-44e8-93a0-78a02f63f17f.mp3,0
0847fac7-1391-4a03-abea-85e9dae1c728.mp3,0
c5bc25cc-d12e-4a48-acc3-4a86b1a5f336.mp3,1
9884987a-2a90-416a-9cf4-511294c67f48.mp3,1
513625f8-96c4-4c2a-a121-d70c88bf121c.mp3,1
6074fb25-ab21-45ce-bada-77535a8e3f41.mp3,0
f553fa15-2241-4e95-a2cf-df848c96dece.mp3,0
99245a9f-0d43-4a60-a48d-2af9d1ad1fd0.mp3,0
33997baf-68f7-42d5-8b1d-78ade865cf0b.mp3,1
45fbfe2b-c749-46f6-8688-9de05ccc4f64.mp3,0
b3c4f848-dd73-49d4-a05f-e1750ddfc0ac.mp3,0
d37ac098-fdfd-4cef-bab0-3e80a468f58e.mp3,0
e3165f72-e0cf-4d0a-a9fd-93e38df0e0ba.mp3,0
0c61d135-eafe-4f96-b8ec-f0f47e6cce91.mp3,0
c6c13f9a-74d6-4996-9881-84fe71b04c1d.mp3,0
5788a2e5-650b-4e6e-b264-70467d231f26.mp3,1
e33a5923-37a8-42a6-b94a-2e42006883f8.mp3,0
1544dc08-abee-4c11-83cb-8a57d4a3fa55.mp3,1
12775366-ab11-4349-a2a2-dbb4fdbde97f.mp3,3
e40aa706-bfe6-4d49-bb31-2e0412c24bb2.mp3,0
22e93026-dcd8-42fa-81f1-c3174acbbbd8.mp3,1
282cb4ca-e283-4902-8ff9-3b8df231fb00.mp3,2
f088877b-00b6-449c-b25d-24d8b9883c05.mp3,0
292a3159-2e05-4cf9-8b5a-b298d085324d.mp3,1
af0fee88-ac8e-457a-b42f-f111b71c3d68.mp3,0
a20f4307-19c4-42a8-85e6-f1c0a8d56f31.mp3,0
e87fe79d-9d45-4c83-a2b3-247d98b211c9.mp3,0
ec7216a8-3352-4445-b2d3-ef71bb5dd312.mp3,2
83aae2b4-0f00-467e-adcf-818a9dbc580a.mp3,1
a746db9c-9d37-4f64-a617-cae4028af6d6.mp3,2
c3e091cd-cc84-4963-97d2-38ff4bb6e7c8.mp3,1
de1b293c-1347-407b-b472-c762c104439d.mp3,0
897ff2e8-f61d-4d83-957f-b248cf2b2e83.mp3,0
590add90-66cd-45ee-9384-cd44ad453260.mp3,2
df2dc905-497b-4708-b784-55b372988500.mp3,0
6f21c55b-35f9-463e-b777-b383191c2e2a.mp3,1
d70fbc2a-ea2a-4e66-b9f3-1ff0e54d485d.mp3,2
5fd3a166-95fd-41ad-9f43-ce30a7507df3.mp3,1
5ab4195f-2823-48dd-a46e-539803e7a839.mp3,1
69ebcdca-d9a8-4bb0-9cc9-47be3c0ac76b.mp3,0
20c34c48-ac6f-4b2a-8bcc-488b56a8383c.mp3,1
1f205457-280d-4d62-ad79-ec997c4922d6.mp3,0
8cf6f8e9-7e4a-48eb-b499-f7c413bc1c00.mp3,2
256629e0-7b21-4c43-b04b-71df614f10fc.mp3,0
63e50129-0015-465e-9042-1db125cf5ddd.mp3,0
316fa13b-7585-4aaf-af69-2b63d28040b0.mp3,0
7f62c9cc-a3a1-45d3-a36f-91aab2ba4b65.mp3,0
a2a87075-1c53-4ba5-9c54-f01a8aab0300.mp3,1
fb178ca2-2f4f-43bd-9f63-b40fb1837cb1.mp3,0
c3cdd429-cff4-470b-b83d-8f28b6afd724.mp3,1
a7f6f115-1c31-4d94-87cd-02872a83115f.mp3,0
2f53b0f4-732e-46f3-aaed-89e669058489.mp3,0
484a9ac6-37d4-4e94-93aa-7056ad190d25.mp3,0
e4df9384-a9fc-4b99-81ee-e9da436b9310.mp3,1
29833cd4-8299-49ce-b1b5-3846deb8d27d.mp3,1
8fb110d0-1f8e-4e40-b598-0f77d401935f.mp3,0
6d0ac503-01a9-4da0-ad0f-3da152aa9399.mp3,0
74d6753e-6897-4f7d-9715-2d1471a19be9.mp3,0
981f240f-6103-4105-ac08-0907aa32d225.mp3,0
0ebf35eb-2195-49c8-a942-29e9d1bfc3d4.mp3,0
d9e2d90f-ef93-437d-950f-90ed9c86ca06.mp3,1
156310c4-334c-48eb-930b-7cd4a9dc3c87.mp3,0
e498ea88-6fc1-429f-9b56-23b35f225331.mp3,2
03eb0d95-4403-4506-8cec-9127838df83e.mp3,0
1a49bd1b-6c0e-4ed5-b439-6fb8feff26e8.mp3,1
0b7d24e9-7942-4542-b85f-098274f9eb46.mp3,0
79eaf347-8a3f-4171-910c-cf8e01cc4cfc.mp3,1
f70c74ea-d9dd-4326-86c7-adbe59eaac87.mp3,0
a03d007d-0356-4480-9ff7-d66a8f8105a3.mp3,0
570b0275-ae57-49cb-926e-69821a40f0f8.mp3,1
7734fa8b-29a8-4ddd-828b-91e19cbf96c9.mp3,1
d5df8930-9eb8-43ce-8336-44217a7604d9.mp3,0
ee479311-e5e5-44c9-8f87-8c7e04b70f08.mp3,1
5928be2b-6f7c-4616-a1c7-5d4433655a4b.mp3,0
8ddf9a31-1b46-4890-905e-332bc96db4dd.mp3,1
62ab5ee8-c4a1-4955-877c-4ea80abdaeeb.mp3,0
8168c7d3-7439-41ba-842a-2b46a2d509ab.mp3,1
634a65c8-4a3a-4429-b15c-be2e4c746963.mp3,0
b3516bc5-a7f3-4276-ade2-d7f13fa80b08.mp3,0
4520b54c-2cec-4aa3-81f8-544971730231.mp3,0
0aac6f68-0ca5-4459-8bd3-ab28b6252eb1.mp3,0
2c92f3c1-d60d-45ca-ba57-90b1a3060460.mp3,1
5f644f54-e16d-4567-b226-3f905bbd6da3.mp3,1
a3d2889b-19e3-4486-8765-83738dc7496c.mp3,0
26b9bfdb-87c8-4cf2-8159-3e1675a32af1.mp3,1
c7d2196c-f5bd-43df-bbaf-7693411bad2d.mp3,0
7f115513-9d85-40f6-883d-11d5079c14de.mp3,1
cfdc01ce-4ad8-40d1-929f-9931f8a9ab3a.mp3,1
d7ca6dad-8d2b-4fe8-9890-6a9b9b3d2f34.mp3,0
a90df539-2f79-421a-95db-a644f9825255.mp3,0
7ab678d0-dfa2-4ede-bac0-d81b2c4ea420.mp3,0
44548e85-dd47-40c1-8565-7aaf17791f01.mp3,0
adf7df20-99e2-45e0-b69b-7752d64dcc8b.mp3,0
51cea10d-2f90-47a8-9214-e83ac8299c6a.mp3,0
42d9c840-9853-4a08-b136-cec7abcd0359.mp3,1
2c4bc17e-ef55-4c55-954c-b439c175f6d3.mp3,0
3f68e863-51f2-4b0d-9643-a9f0fc43fcdb.mp3,1
3ab0f934-c3d8-4353-97aa-3063f16a4f2e.mp3,0
77edb25c-75e5-4191-87c0-fd69b05af791.mp3,0
5a1a0612-9698-4d1d-b4e4-c3b68eafe2f5.mp3,0
8629a62b-d94e-4d46-95b8-b4f5b85b6043.mp3,0
6ed39e72-e1e4-4ed3-be28-1448bb048aad.mp3,1
88e1aff3-cdfc-41dd-b568-4f722ec50f69.mp3,0
b39ab927-7ff1-40dc-8edc-46e67008b9f8.mp3,0
d01b68f0-8290-403d-9be8-c87d19bb0b80.mp3,0
09932d00-ae88-413e-9b9c-ad3e3404a583.mp3,1
d3b47f08-1016-4105-8964-afd7c8d082ee.mp3,1
4c34c258-e0ac-4e33-b8f8-b6a3d7a0da60.mp3,1
25db79c4-f10e-41b1-97a7-e494f187e503.mp3,0
af49e51a-eb7e-4e36-bde2-8f446b4ab99a.mp3,1
bdc51a2d-474c-4f23-a490-6bfc8dd21457.mp3,0
61acf91d-9e4b-4bd6-9f0e-390e6d6dc555.mp3,0
3a04d5ef-3fc6-4718-9658-de611916f14a.mp3,0
88d211b6-5f13-41d4-94a6-a0e7bced868d.mp3,1
8b3d33fa-8e27-47f4-a5ac-cf636be7e648.mp3,0
14837363-e239-4f08-81aa-f2e2987b5f7d.mp3,1
2fc4cb6e-a388-42ea-9755-be59a8562cfd.mp3,0
6e9976c1-90d3-4ed4-9e81-9c0913ab35a9.mp3,0
636d0d9e-0ba9-4c29-95b8-eb7081726d74.mp3,0
7deb50b4-e5eb-4288-8699-530dc333c1fc.mp3,0
3674f761-1cf1-4b16-85f0-6bf4a53c5832.mp3,1
c6578cc8-abcd-4b1a-b30f-2cecc14ab3eb.mp3,1
8b4b14d6-3d22-42df-bdac-f964949d5ce4.mp3,0
34969bd3-46db-4334-b618-5625f1990013.mp3,0
03566eb3-a405-4fca-8e1a-0240dde61db4.mp3,0
67331b14-892e-475e-90b3-4599071e8d39.mp3,1
2aa49d29-70e3-481d-8b85-4ca4afa73b17.mp3,0
ee5e4094-a6e7-43ce-a307-d492e845f0fe.mp3,1
4f9a36db-2b81-4c99-a77f-2950d498f662.mp3,2
a880e460-cb0b-4156-a88b-b742de3df34e.mp3,1
08f79f81-d4b9-4048-8a15-3bdc3e106fe8.mp3,0
20f3340e-a02e-4688-9f23-97025faa19fb.mp3,1
30932752-9d53-45e0-a5f1-8ab9b11234a1.mp3,1
46073f4d-5a8c-4734-9d13-9d69434fa0e4.mp3,0
acf9b41d-fe0a-4627-a76c-4d0719c80a7c.mp3,1
ee3776c1-3039-4c31-9080-a5cf8aaacc45.mp3,1
b2d8c641-d483-4cef-a505-7b018e13a4f8.mp3,1
d2c92ef5-0b8b-4087-9036-360f6dfd7b27.mp3,2
ba753d31-ce92-4dda-9878-dc86c40954b9.mp3,0
1e0d07cb-1a7f-4e17-bac5-2313e3df4eba.mp3,0
24c46b69-da42-4d1b-9da0-49e13cd03a85.mp3,1
c9d0caae-89ae-4f19-8c62-6a9f8a45db01.mp3,0
e2a9f692-6fc4-4a96-b3c6-0f22c3e7dca1.mp3,0
12c48b3d-7735-4c5a-a42b-26e5386da2ad.mp3,0
8744b697-401f-426e-87c6-3533e968f3b6.mp3,3
b86b1886-0cd5-40ff-98d6-de973d55ad2f.mp3,0
5bb8cf35-f638-439b-a735-567d95b43415.mp3,1
c4e31737-7f0e-43b3-b124-832ee1929d84.mp3,0
1280dacd-8903-4eeb-8d77-068455a6120d.mp3,0
fc36b8ed-fad8-4576-87d5-4ccf65165c45.mp3,0
fa65790e-9faf-479d-ad14-dc1692e73780.mp3,0
8652d5d0-fad8-4f5d-a8cf-3ff64222780a.mp3,2
3df6119d-24b8-4f20-9558-bec5653e204f.mp3,2
8611051b-346e-44d2-8f88-3f0cd34eb68a.mp3,0
d4f29f81-e209-4062-bdfc-f0785a01837a.mp3,1
1dddbdf0-5563-43c8-aabd-165937e27841.mp3,1
a1f044c3-cb81-459c-91b5-20c9bc9ef90f.mp3,0
0750aebc-262f-4060-8a06-39e6d5ffa80a.mp3,0
beb52385-6cfb-4ebe-b568-1752d7dba120.mp3,0
c17cd5f5-a524-4fbd-9d48-6e391bcf6810.mp3,0
f7de014c-accb-4ae3-9195-1d6f9ad5d3e6.mp3,0
205030f3-80ab-4846-9b16-9994b6ce1871.mp3,0
5e1d0d0e-0372-42f1-bd29-780844e0e586.mp3,0
9b410568-9866-4e0b-ab15-d6a9f403098f.mp3,1
327c975e-770e-4c95-b79f-9cf40fc161ec.mp3,0
3b77841b-80a1-4f12-8383-101fdbf0f09a.mp3,0
11c99c99-8677-481f-bac1-fb157b3c36d9.mp3,0
845af883-ae8d-4d90-a786-573f5fb9a876.mp3,0
78f688ef-c004-4af6-9852-c25c099cc351.mp3,0
8186e195-05e3-4ca9-af78-288705358043.mp3,0
49e20f64-34b5-42b5-90aa-48bf648ce036.mp3,1
4bb5a257-6652-43d6-9237-0fbf58009188.mp3,0
2f1227d2-f167-4ad5-afce-3a4cb0a4afaf.mp3,1
8c4719d5-9a5b-4631-b73c-1c69e3add86e.mp3,0
c56e10e8-a051-46e1-b677-83e4facd8865.mp3,1
c283b838-204b-4cc3-a3ef-7edd0099dc0b.mp3,0
97593be6-8751-4fef-84a3-d01829d6d4dc.mp3,1
03555208-a1f6-4b94-be74-cd23a10c456f.mp3,0
a742df95-3e36-4faa-9f35-6f51f4d94bc1.mp3,0
db9cce86-f7cc-4e1f-a92e-4907b5434596.mp3,0
acb13a94-fbb8-4310-9022-46a3f87910ae.mp3,1
84e8e27c-473c-4fdb-863f-624dda8fcacb.mp3,1
dfd4597a-ace9-47c6-aae6-4bd89017288a.mp3,0
f3c0aa7c-5873-4921-a2f0-11e0de5af1a2.mp3,0
ce0e80b8-57b5-4b93-89a1-0657c294a52c.mp3,0
b4d2c76a-19c6-43d5-a619-62275fa77f17.mp3,1
1da721f2-a24b-4b01-b6e7-7b65ecefc068.mp3,1
b004a2bc-8e78-418d-b95a-f6e71651403e.mp3,0
0fce12f1-6c6e-4dab-a32d-5752f87e08e4.mp3,0
8e1cca59-9dbd-492d-a89e-4367f1ba2156.mp3,0
19db60f6-cec2-4a8f-93be-15cfe041d254.mp3,0
8f998bb6-6b9f-4c97-9f91-7996a59e2c70.mp3,2
b7755e9f-169f-474f-8c4e-ab7bf211f07d.mp3,0
c89cf85f-9e20-4a4b-b65b-c231ffb0c3b5.mp3,0
1e07e51d-538d-4517-aa2e-4e53bc782610.mp3,0
186725f0-aca1-47e8-b5e7-37e78c09f19a.mp3,0
72d8bd0e-4179-4c29-9c11-3e87e59151c8.mp3,1
42e14929-d2a1-47f5-8d13-b9f7390f7782.mp3,1
e91837b2-c766-48a5-b55f-c442a9f73337.mp3,0
d4094796-4ca1-4287-a82a-5a604ea70c78.mp3,1
cfd97f8f-09bc-4b85-90bf-44ea9c64133b.mp3,0
1410855e-acd5-45af-a373-a85a4ae17701.mp3,0
6db613a5-a841-406a-a372-4dcaf543e058.mp3,1
f3cd03ab-2f11-4c33-ac90-42f44e0b15e3.mp3,0
0fee5749-d80e-4096-b6ae-3173ff10b802.mp3,0
ee8b44f1-e436-4d48-9ea3-97dbb3cfa759.mp3,1
0fd8da85-8700-4f29-9509-441dfc4093bc.mp3,1
0e89ea3e-d15f-443d-a757-e488da43994e.mp3,1
c044ad3b-254b-4519-8af9-e4e759cb11a2.mp3,0
d0d6e365-d37f-4923-979d-48b0347e6f31.mp3,0
e2295a48-ca16-43b4-8aaa-caa9246ff270.mp3,2
e5bfbf02-8473-4515-905c-2a6786f908d4.mp3,3
fad1ace4-d569-4e3b-a7ef-8f73a6179159.mp3,0
e2d2e568-18ba-4155-a877-691212032845.mp3,1
04a59f24-f191-4878-af70-b6088cc38c2a.mp3,0
4969d692-94a9-4a31-9f9f-3ac56209718d.mp3,0
cdfade1f-45e3-4095-85a2-72bfae0bcce9.mp3,1
b627e3c8-d9ea-4e00-b89b-ed80b3c3408a.mp3,1
da2ad2d2-eac3-472b-b36e-c79a635d1597.mp3,0
e509581c-c37a-4c8c-876c-5b31125e476a.mp3,1
b0edd19a-ff0f-433d-b689-9dc4851feb74.mp3,0
865603a2-48c7-4c6b-9d76-6f340281638c.mp3,0
ba93d798-5a2a-43e4-8a76-2b3d91d883ff.mp3,1
f813cd66-cfe2-48f0-930d-fdf669f0cc45.mp3,0
add0e5f1-a14f-43bf-bcbd-33cc3d502be6.mp3,0
e0b62974-9439-4790-9544-d1b1f3500f8d.mp3,1
050f8f43-ffe2-4bdb-b997-fcdc68b14398.mp3,0
67998a24-7994-453e-a659-25fd6efa0c9d.mp3,0
927c5f95-eb5d-403e-91b0-7fd84c4c64a5.mp3,1
33a7b392-1f92-4ade-87ef-33c82cdc8399.mp3,1
06daf688-bd44-4789-a61b-244711a67029.mp3,1
b7e4e8db-d26b-4acb-81c3-e5587e673a75.mp3,0
4f5ef680-5e5d-498c-b3af-1fd5d751cba8.mp3,1
e469719f-5287-4cba-9720-0963ae1e7e07.mp3,0
5a4665da-7a61-4f84-9db0-826bfb7ab4bd.mp3,1
995e0663-ed96-457e-9e1a-188fd03589dc.mp3,0
ee39a616-8ad2-448c-8b0a-f9a637335288.mp3,2
db51263b-329c-4daa-9427-aab2f11e48a7.mp3,2
353863dc-dc0a-44a5-a1b9-e9224a66280f.mp3,0
57af19fc-c5bb-4388-80e0-db1495894529.mp3,1
92147f30-3279-493a-a8cd-c743bed97ead.mp3,0
3d8eca90-31bb-4238-922e-a0c19c636543.mp3,0
acf8184a-d8f3-4844-b904-23647ba8330e.mp3,0
14715156-758a-4b41-a705-1f5a23caa41e.mp3,0
3a798927-dba0-4d83-a10b-fab51674a01b.mp3,1
d69ee706-56be-4098-9d76-a392a675893d.mp3,0
6fabc62a-ac2b-4c64-ad23-7f978e6ac21b.mp3,0
9534be0f-bc71-4ec3-8d49-fda150c0b362.mp3,0
86b5ecf7-6565-4bd3-a0b6-a5af16f9e037.mp3,3
5fd7272a-0d83-47ca-8dd8-047b56ce4081.mp3,0
eca40ae2-dd5d-418b-974b-cd9634c302d0.mp3,1
aa410e3f-f472-4364-b911-677e0bdda8fe.mp3,1
c12afa12-1ca2-418c-be8d-57a478730839.mp3,3
fc17c5e9-110a-4976-b533-94f69e620498.mp3,3
3caea263-c391-4965-9265-aeebd9022984.mp3,0
a09486a3-4096-4308-93e3-5a6ef33c4741.mp3,0
7a56f36d-c340-4910-9e8e-9865fa468f00.mp3,0
d9bbfb8a-a90d-435f-8d7c-238f2e915077.mp3,0
d2929128-c76e-479a-a36a-d26f96fb9dac.mp3,0
fac51e59-8924-4138-bd9d-eb758eb42d6c.mp3,0
bbd60e68-adaf-44d2-a7b9-68ad7ab03c9b.mp3,0
4d2847dd-ee40-43f4-8c55-2050c0ea49e8.mp3,2
1c82e397-eb50-4fde-9652-c1e40399b89d.mp3,0
da52aaad-9d07-4fe9-8b06-300ed88a5f9c.mp3,1
dc671725-5f05-4714-a91c-20be1dd388b0.mp3,2
0b975721-3a2e-43e9-a971-20071b6fd7c7.mp3,2
ae7870e5-e1d6-408e-8c99-dba7730d608c.mp3,0
8be7b691-5c72-4278-92ee-e0d3ce055945.mp3,1
83b1a41d-c30d-49fe-99da-21e044949d03.mp3,1
b92ec990-cd69-44ce-9f15-bb4d2238a82b.mp3,0
f2844322-309b-4b09-a55e-341472cd90a6.mp3,1
08d00281-1ceb-44de-8108-1025d2d08f8c.mp3,2
a2b4bc26-dbb6-47c7-89b3-49ddf0b0bc37.mp3,0
48af70cd-6aad-4640-87e1-1e0635c2df0f.mp3,1
d7c4ec76-cfdd-451a-87c3-b18a1124b2de.mp3,0
25d696b2-b274-4f65-9b7c-aef5061c8d4d.mp3,1
4bc39d6b-9598-4039-996f-96e3317d72ee.mp3,0
263d8ce4-455a-42c6-9099-8849919db49f.mp3,0
d936d7f2-c34e-4575-95a1-1a5c371fccf4.mp3,0
0ba3369b-7c7f-4fe2-b73e-2cde0b7ca51c.mp3,1
3c8c41e0-7e4f-4815-ad9a-8fa50bba9ea2.mp3,0
5ba3c2c2-fb28-40ea-9637-36f2e026fef2.mp3,1
59118975-834f-44c5-9813-1026d1580352.mp3,1
5fc832d3-8bd4-493e-87a9-9d9f7203439c.mp3,1
e8870386-9ed6-4250-9132-c77215b20db8.mp3,0
913df06c-b604-4dc0-89ab-fcc2f287f288.mp3,0
402c21d8-0d4f-44c9-8660-86fc577f9be9.mp3,0
26c7f99b-727e-45b7-86e5-8276e9c81f7d.mp3,1
948bb0c9-4359-45e8-b250-6d821dea1c47.mp3,0
f55a56c3-82a0-4826-b628-22414a55d35c.mp3,0
e6597c9d-3f13-425e-8367-ee0a4c825bb9.mp3,1
fab23f4f-cdac-41fe-8e5e-3c70d06c5342.mp3,1
fe2c4b4e-714f-44e8-9aa3-886645a59547.mp3,0
8b518185-bfda-4625-b926-b07b26a41728.mp3,2
6e1530b6-9046-40b9-a5aa-c33747292f72.mp3,0
55370c78-f234-49e4-8711-27335c3ef8f1.mp3,1
f767c638-ca04-4393-b475-eadd5741fbc5.mp3,1
0c924a0d-c414-45c7-b4da-bf31bfb9cf66.mp3,0
5225b39c-1949-44d1-9165-c5ca18123011.mp3,1
7dfd2bb0-6f8d-4308-aae6-2ca5cf8c96a1.mp3,0
88554d13-8661-4922-a60d-f4f4491796bd.mp3,0
3fb918de-6920-45de-924f-f9dca9ca29ed.mp3,0
a981fe37-6249-4da6-ae77-f12d2d01612d.mp3,0
4a9b40ef-1d56-4dcb-98d4-d37174559b51.mp3,0
5558f83f-9df4-4cd7-b49f-9d7f42cc9c97.mp3,3
62928d41-2185-402e-83f7-ff6e58de63c3.mp3,0
8e1dd514-e3da-4bfc-a0da-0d3cd8f56fb5.mp3,0
1506a716-fce5-4306-ad4a-c3509351a693.mp3,1
19fa3ff1-9b1f-4417-b70a-3495627dcc31.mp3,1
ea435c7a-0820-4366-ae8e-0c2e12203482.mp3,1
e48c4aa1-e6f5-4669-84f4-b5ccfa979186.mp3,1
3e5a8588-5ac7-4e21-a62a-933898a44681.mp3,1
8350a9b2-2394-4222-8c82-1a921ffa85d1.mp3,0
83dc618b-f8bf-4023-99f9-478023591df6.mp3,1
d04ac0b3-5d46-42e4-928b-2de7bebaa7f2.mp3,0
f6203fcc-7ca3-4a52-889e-7f3e7eb2dede.mp3,0
5fe384db-dcd6-4b7a-b333-4752a075b277.mp3,1
11489c2b-31d6-4312-b1a6-dd3fa2ed9984.mp3,1
70333ca3-2b1f-424d-b9d2-201f72c01703.mp3,0
a03ea1c6-f57b-4fb5-a85f-45840c28251a.mp3,1
2e58a879-b92f-4df2-945a-21426d005a6b.mp3,1
e4c91d5b-8327-4de3-a5a5-619963a5303b.mp3,1
334448e8-9617-4ae4-abf7-6715e739f4bf.mp3,0
935e6eb7-5502-446c-91e4-b4d8ea5b5d61.mp3,0
15b3a497-a605-4f89-9981-7e8deddb75ec.mp3,1
2edc2f17-aba0-48c3-8bf6-cabeee73aa45.mp3,0
4e77cf9a-b16b-45bc-bdf1-c8b9d5c5a8db.mp3,0
f274921f-1166-482c-b93d-a3eda92923a9.mp3,0
b583cb13-a7a9-48f5-8410-d260b5369294.mp3,0
3173106a-7c16-497c-92f5-742e8a448e8d.mp3,1
a819eb3c-c9ca-4c36-add3-45da73a6448e.mp3,0
8f1d1254-8a49-4388-a684-12606886aba1.mp3,0
16b348c2-c3a7-4494-8b2f-7cbc64732aae.mp3,0
e174cd83-e077-4f09-b1b9-eb6732a789dd.mp3,0
dd32c1e8-ea4d-4d72-8bcb-bb90582fcfe3.mp3,0
5f8a7520-e447-419b-ba09-3b0fb62acc35.mp3,1
481a670c-8074-4dc5-8736-541b6655e4d0.mp3,1
ad976541-227f-43db-aee4-09f56bc911de.mp3,0
b5f12718-4e66-4d8d-8280-58777d2234d6.mp3,1
62ae78af-a5c9-4f51-acdd-ed4c964c3e31.mp3,0
d197a77d-a7cf-4a87-ade8-7573cf8f1443.mp3,0
74fc4f9a-e134-4e56-992a-cf148e8b6384.mp3,0
bf245da8-47d9-4994-b50c-caeca51cc522.mp3,0
bb997e3a-f1d5-4665-ba3b-18c61177b45a.mp3,0
06ad6715-b5e6-4e66-8462-efb7f5acb773.mp3,0
f0263494-bc58-49af-95ef-d1b65ea1d336.mp3,1
75a5b122-6079-4592-8c22-f9172fa5d8e0.mp3,1
114ac2e1-0688-498c-9a0e-53773848215e.mp3,0
9a6ff443-ed53-4fba-b237-8d7b1354015a.mp3,0
6527d188-21e7-4452-893b-752706590d21.mp3,0
07d5fae1-e1ee-4443-9f45-0af817383790.mp3,0
9f41ad14-923e-4994-96dc-e595364c1371.mp3,0
e56d4e7c-ede9-4029-9c49-6b41b64108a6.mp3,1
a5de2281-239d-46ee-a05f-956501868e96.mp3,0
3ffb7d1b-58ee-478c-8350-371e4eae107d.mp3,0
c08bd88b-4de8-4d2a-9ef6-e07ad7a5bf5f.mp3,0
67d0fd45-5a70-4268-98e8-5358235a3fb3.mp3,0
3a997ff2-02cf-4f2d-aafc-56d685ae5a90.mp3,1
150be9cc-4d03-4e89-beef-5428f803859b.mp3,0
75679db9-2281-4e08-bc8a-d2cc72d85655.mp3,0
c8ddfd6b-85d7-435e-8676-54e5b75e73ea.mp3,0
0c355586-613f-4fd7-8691-dcc30ad64a5c.mp3,0
c192b1c0-c62c-42a4-b479-52f4ca03b00c.mp3,0
92a95b3f-97ef-4a01-9c2a-7f43f43450d9.mp3,1
01acd762-14d9-420e-b699-3dc6b22b6c6c.mp3,1
9b115c42-d8bf-421d-831e-f6d5dccb0f1f.mp3,0
c0ea0502-0ed2-47a3-85db-35a7ce4ab705.mp3,1
f6f44ef1-5a79-4d33-93a6-e514f3be25b0.mp3,0
ea3f69bd-db0c-402e-987b-0079423f3251.mp3,1
3171f749-b8e8-42db-b20e-55efe5009bd2.mp3,0
643366a0-1d00-4ffc-9939-fd4765e8a263.mp3,1
5724994c-03ec-4801-8232-b5cf5b95dd1d.mp3,0
874e3318-6c4e-4490-ac92-865e17b601c7.mp3,0
ead58712-7afd-4f26-8b71-b3d84f2b5b33.mp3,1
b6491d1d-bbdc-4ab3-8b56-109503939a0f.mp3,1
b411909b-8693-4f58-99a0-8ed61fa382f3.mp3,1
4bd06383-2eda-4b7c-8ccc-1a88127b6a25.mp3,0
e2ff3ba7-b75e-4d38-930b-c74f1a31e2c6.mp3,1
9921653c-e6fb-4ba3-97d9-8000932f0366.mp3,1
75502744-a5a4-4c5d-a7c4-5ff18e8cbf35.mp3,0
b6528c3c-7ab2-4c71-bdab-25ae985fb08d.mp3,0
bdc21131-0b24-43f0-818d-8a5ee1a52732.mp3,1
5c5da49c-e29a-4fe7-b8c7-2e2c5cec305a.mp3,0
7c7507fb-73a0-4370-be65-7c31578dbab3.mp3,0
71a0faa5-9f59-4ed3-bae0-959f903cb33d.mp3,0
1ce1b9f6-fcdf-413e-8510-3e9913304393.mp3,0
55bffa40-ae0c-463f-b860-5ab8dceffc33.mp3,0
a2f19d87-48ea-44ad-8ec4-ba56740be895.mp3,0
02f11f59-fc5a-40a6-9323-ba20f0913e31.mp3,1
5640da69-985e-4b51-9678-1b7066f79579.mp3,1
bd557c29-0970-473b-8073-f9a9b2f5c37b.mp3,1
e66c6520-10a4-4339-960b-d391ffca417b.mp3,0
4bac63fb-9cf1-41a9-8629-9190f2e5cd7c.mp3,1
26a8a3db-982d-4dff-b5fc-26b56b1d1c61.mp3,1
3b62cf66-4613-4411-b7cc-cd18a7ffbe94.mp3,0
8d8598cf-352e-40ec-b7c6-bd502a236a38.mp3,1
3696e54c-7d25-4ea6-8cf0-2be54967c89c.mp3,0
da854032-e53e-4e09-9ec8-b51194ed93f7.mp3,1
a74b1bdb-2138-4027-946c-1b03042600c9.mp3,1
208c471c-eafc-4acd-86ed-c65c0a43beee.mp3,0
226d0f9a-1b90-48a1-a6ac-e88667275125.mp3,0
4cd7d64e-0fd2-4090-a130-050f288ab2b8.mp3,0
ffcacb9d-b5bb-4053-8582-b0afeadd171a.mp3,2
dd412c2b-cc10-48d7-892b-1fb2c1e9b664.mp3,0
4b3ce2d6-c6de-491e-a559-cd626c160a5a.mp3,1
05038c7c-a521-4bfa-bfac-e8dd005a8df0.mp3,1
1cd4e695-d52a-46d1-8979-bf9d98ad1678.mp3,1
59d00e04-c860-4c69-a087-c76aabb13fab.mp3,0
c937f010-b6cc-4aac-b9fb-1dd35ec31853.mp3,0
f68e28e1-30ad-4d4b-afc0-7e736c7b5b9c.mp3,0
1c0322ff-26b8-47df-afd6-930860127894.mp3,2
4c1605cc-e531-4891-aced-29afc0d3553c.mp3,1
3e3cd98f-a039-4d84-9f0f-a71841c07f1f.mp3,1
3a0404c4-d559-49f4-8b82-aa50638fdaa1.mp3,0
4739b3e4-2b0e-4f45-b266-f88026536c76.mp3,1
1850650e-e80b-44e1-908d-a7dd305c23b2.mp3,0
3cbb372a-3b92-41c8-aff0-9f7e5ce8f26f.mp3,0
daec0d46-1b9a-4ff8-8d39-89002156bfdd.mp3,0
b0128eee-767f-4941-8cfa-b5c2e12486e1.mp3,0
ee0a6748-8bd4-40c8-9541-7e532ea152cd.mp3,1
7b5f8262-9b8d-40a8-9e07-cf5f43a066b3.mp3,0
cb792620-9c94-43fd-bb12-94660708ef1a.mp3,0
f83258fa-4428-48b8-bd5c-2763b2781d1d.mp3,0
7e3ec856-41ee-4049-894c-dbb64b7f950d.mp3,1
bab48d8c-a959-4c7f-8b0e-21c64f97cbef.mp3,0
55e34537-b580-4d68-abc2-436e3d9d6885.mp3,2
7ff86d83-50d1-48f6-962a-b91c2b75c667.mp3,1
2dbebf0f-240c-44b0-88f1-9328fb6b00ec.mp3,0
ba14e613-bf45-40ac-a926-c4850cd75ff0.mp3,0
da6470bb-7859-4c5b-a178-81ec0a18ddeb.mp3,1
113f65d4-8bc3-44d7-99a8-08817591dec6.mp3,0
5bb3cd2c-1da9-4599-96a4-ec622537f276.mp3,1
987eeadc-ed48-4aa3-b183-500b16b42525.mp3,0
a8ac78e8-206e-4157-afd7-353c1502d8db.mp3,3
f8b483c9-c1ff-4f31-bb34-bf04658227f5.mp3,0
012ddc0f-b07a-4d07-b9d0-c0bbaa78a45e.mp3,0
9a3d759c-3e27-47fa-b3dc-ac365b1001d2.mp3,0
283ebd8b-2791-4cb2-8486-201f74db0b41.mp3,0
0244b2b8-9bf1-4720-855d-c8ac11ab0a1d.mp3,0
0924506a-cabb-4c26-8b82-77a24c9608fc.mp3,1
27ea0cf6-0a35-49cf-9b50-d592016725ea.mp3,1
9e0e09a0-c8da-409c-a060-25c3fc5099ea.mp3,1
f1a01c93-c5b9-4d72-90e4-fbb2275e97b3.mp3,0
634d87da-fab7-49ad-bd3c-6ac6e81791d6.mp3,0
319877ab-51bf-4ad0-be0d-a05683af8e20.mp3,0
c13f06db-ad36-45b2-9a17-6dde2ef589b0.mp3,2
b47377c2-b727-4717-a0f9-18e1e88f8f6e.mp3,1
7c6278de-bf93-4d2e-826e-c28d4b7f2233.mp3,1
02b554ad-ded4-46fc-b04f-a53af239d9be.mp3,2
7c40df97-ed68-4a83-838e-e5c09f559733.mp3,1
e7e42aa8-97ab-4159-81eb-19a86c61d42f.mp3,0
aa97ffa8-501b-4af3-8552-4dbe448913fe.mp3,1
5af8f72e-2d19-4627-a915-a4aea78215c7.mp3,0
ce1a5a62-d5a2-486c-b76e-9322ffc8b846.mp3,1
81a991c3-f846-431a-b61a-b0f7208e974e.mp3,0
3b86836b-8f77-4a23-b7f7-9aab6e409e4c.mp3,0
575b8c11-ba19-427a-9308-c9ccbb010223.mp3,0
f357e9fc-b7dc-49ac-9c37-7856e976b9ec.mp3,1
819225de-a45e-41f9-9363-7ec6c1980627.mp3,1
2eedf61d-691f-4e12-9c65-01f57acf14bc.mp3,1
7158914e-e85c-452f-9216-8ae1281b4a2c.mp3,1
793a1139-d456-4745-a172-5135bcb6cb32.mp3,0
7e3add80-4163-436d-ac2a-b571fd6019d9.mp3,1
ab667961-d257-4407-8aa2-ae9c78cc257f.mp3,0
22730a3e-d172-4421-8b6f-2663f4ef0d93.mp3,0
68993e0c-f86b-4fdb-b5d4-2cde168691fc.mp3,0
3af84194-1bb9-4edd-a553-7f1553237ce7.mp3,0
2e702b78-b8b3-421b-a503-760e1ffedfd5.mp3,1
49dc033a-bf74-479b-95bb-83530f7c1fe2.mp3,1
19157325-0ac7-44f4-9d47-42ead91d2413.mp3,1
4c73e088-4514-4b65-8800-49ce10c2e257.mp3,0
f33c5b6f-761d-4e9a-b001-3efa01ada5ce.mp3,0
e4814945-5693-4c24-a1ed-da853c15bda2.mp3,0
3f0605bc-3430-4a94-a31b-417f2ae7dfdb.mp3,0
89b54031-7a91-4892-b047-85719568e089.mp3,0
554a4ca4-15a4-487e-8a4c-72644b1223dc.mp3,0
6fc2d633-5586-44b2-925d-4b62db56f712.mp3,0
67c4dc30-08b8-43bc-be1d-f2ee10a57267.mp3,1
a5fb9412-0347-48a4-a4f5-21aa42565343.mp3,1
fe587cc7-1692-44d2-863a-b24a3fd079de.mp3,2
3a530491-e77f-47e1-a48c-d31b1c2917ce.mp3,0
e8033a84-26fd-4eba-afeb-558d5baddedb.mp3,0
c8664f3c-fefe-4c1d-9c08-695c079941c4.mp3,1
d3465e2e-f9e0-4c05-b3cf-e704570bed55.mp3,1
96aa0cc5-155d-485b-9521-b7ebfd224d49.mp3,1
498d1e5d-5059-43a2-a9b2-c853f3de7142.mp3,0
a08891fe-a769-4810-bb50-4f5839089397.mp3,0
8fc05265-2a41-4ee5-9054-44e3f27e5511.mp3,0
6e2f9183-b24c-4419-bbf3-eba338f50253.mp3,1
4215cf08-7dde-4653-84ca-e87ad176c520.mp3,1
3fbcae76-54da-43a3-9c64-9f59753ce1df.mp3,2
657b4367-486d-4d41-ab60-3700cf90931c.mp3,1
e0f384fb-1155-4a16-bac8-e39555b8ee40.mp3,2
e8613f3a-81d1-405a-b9f5-664ffb0c787d.mp3,0
df7b4570-cbb8-4635-a4d7-32e38af5ef35.mp3,0
5a8ca8d6-209c-4dee-82a9-6675f3c04643.mp3,1
9e47ead6-60ae-4dee-87c3-73449eeac60f.mp3,0
16cb949d-394a-46cb-8528-b9338a966b9e.mp3,0
1ee2b071-bf5a-49c8-b70f-1b134bd86391.mp3,0
52fb17c9-a4e1-471a-938e-a04cea3ae9e2.mp3,0
3fb93ca4-90e0-4139-97f2-f45a9d66133f.mp3,0
f238a9d9-40e7-4863-9132-943b1efb2ec1.mp3,2
7c737f2d-fec2-4d2f-97b6-054826b1d58c.mp3,0
2c5946c5-0863-4ffe-a34f-6dee676bc51c.mp3,1
155ab209-b359-4c27-9c0f-8fe18a5b30d3.mp3,1
473b94b8-9274-47eb-9354-289aeace8ae4.mp3,0
3046c4ad-6632-4fff-b6f6-9ba454f5f5ab.mp3,0
dc602af8-7695-4bfe-ab66-af9de7ffdfae.mp3,0
3e3713d1-2206-4a87-97d0-9b6150694465.mp3,1
65f27db3-e3bf-4917-9e74-34b9337dae8c.mp3,0
6113f1e9-c0e7-4787-a5ab-f626256c2aec.mp3,0
d5f68067-4717-48af-a4a3-1dd12401a03e.mp3,2
a753ffda-ba58-4cd3-ab97-ea5839c342b4.mp3,0
2e5989de-deb1-4a56-a86c-59ef832a35f3.mp3,1
98a3b5af-c8ae-4e88-abe1-b1c990f3d81d.mp3,0
eed71b92-488a-4b33-ac18-33ca1a602bd3.mp3,0
1b31c362-b543-4a4b-8476-9747a0ae02f9.mp3,0
c9f687b5-eb79-4d7a-bf02-14b8fa896d7d.mp3,3
c6a15c13-4620-490d-bfe2-595f77922cd9.mp3,0
970cf135-c087-44a3-93aa-38d63aa65460.mp3,0
03cc2376-0b6e-44f1-b5ef-51186de1aaa3.mp3,0
c2323c5c-e273-407d-8d47-7376bc168baf.mp3,0
66021cd3-407c-4c7f-93e1-c68dd38a2354.mp3,0
136517a3-9c94-47c3-8206-e827b1388cb1.mp3,1
83eb734d-ed77-40b3-b640-d2f0723c973a.mp3,0
2b3d5e6c-17ca-40de-a540-8fccc232ecf8.mp3,0
91a5b3c7-ba55-40e8-9cba-2e4dcb2c2e43.mp3,0
017de93d-61b1-439b-9346-d66773ca8318.mp3,0
b868ee4c-4e0c-43ab-a2d9-e9c50f01d09e.mp3,0
a1677c90-7bdf-4152-be19-ebe7f8a65e43.mp3,0
6fcbee01-116e-4ac2-a83c-2540ff6867a8.mp3,0
fed9975d-29fd-4012-ae5c-2f5995d6255b.mp3,0
0b856f8a-1c79-4462-a757-9947e6c79563.mp3,0
f5e9579b-5fd5-4509-adaf-9e6ccd703f84.mp3,1
0827bd1c-678f-4a5b-83ef-96e91bed9753.mp3,0
3bb19c76-4b2d-490c-b7f2-072d73320a73.mp3,0
2d9d92c7-6a03-4528-a98a-e53fbf4778b9.mp3,1
809480ee-fb6f-4324-9b2b-cc4608e2d5ad.mp3,0
decd07ab-ed57-4690-a313-4638fc545869.mp3,1
b668e787-2870-4e38-9cc5-99a62c5a2d89.mp3,0
0d4c72f6-f529-496d-9674-9d187c3d5f56.mp3,0
b213f61a-cc9a-40cc-92a8-e9c8d371d796.mp3,1
15af2b84-6e30-4137-a04e-b5b44488a4b8.mp3,1
fde1e428-8ba6-436e-922d-2a99fda3cc5e.mp3,0
6d461277-d57d-457d-b2d4-c1a7743f6721.mp3,1
4a5618a4-1a09-436e-a0e7-21565ebe466a.mp3,0
1c7f3737-aff1-43dd-86cc-e0f9aade76ee.mp3,1
89946f01-c512-4cc6-9323-9b8ce11c3b89.mp3,0
c517ef85-165e-4a14-99f8-c7a89e038e31.mp3,0
96c7f8ab-75c4-4666-8734-e8ab7c674375.mp3,0
16774d1c-9d32-4066-bd55-171713ac0b44.mp3,0
610334bf-b28c-409b-9d21-b9e4232dc9ff.mp3,1
acfea8a3-6450-4049-8826-b23abd95e13f.mp3,0
57c48d9e-283a-40ee-9188-6f0fb9bdce72.mp3,0
b6dd1bbe-1f60-480d-b946-4c57333d26c5.mp3,0
e328dd49-8e11-4c8e-8779-91a67eece90a.mp3,0
06d024f1-bbae-47b9-afb3-a156d369a600.mp3,1
9c31f61c-f690-460e-81e1-e06aea7a768d.mp3,2
0c771d71-5ca0-4b34-a6dc-f3b6a0cc0d8d.mp3,1
9e8e8e68-32b8-4d3b-8844-645423427a2e.mp3,1
05537c2a-1ecf-401f-8873-fd5f6231cd57.mp3,0
378c7532-c17e-4841-8707-81950fbe85e4.mp3,0
1760bf94-c173-4017-bcc4-56f594d09fc7.mp3,0
8352fd39-ccca-4afd-a70c-059e98c6e1ea.mp3,0
cb16e905-e841-4827-a6c9-a5e47d40bb3c.mp3,1
aaf2c7ea-d350-41f5-96ec-6b3e84125522.mp3,0
569786ad-433f-4ecd-8c0d-adfa4a40365d.mp3,0
182beb9a-8948-4b85-a2bb-fe160c92732d.mp3,0
78e4676c-4f89-4e57-9800-20ed9c172cbb.mp3,1
7003aad6-6f5b-4a6f-968b-4768ff5b821e.mp3,1
09a08b6e-4f7c-4efc-829d-241051263a1a.mp3,1
43eab8a1-b985-412c-af49-5686fe9c17f9.mp3,0
28463712-2709-4885-aee4-fd7ae37c0ad1.mp3,1
a2b82d77-43fe-479f-9145-a5b6445682d6.mp3,0
e6379ed4-0415-4f0f-8219-7e6c1af1ede7.mp3,1
b347760f-59bd-4225-9652-d126aa9a0b11.mp3,0
95c7daec-bcb4-4fbb-9f19-a4f701aea559.mp3,1
cfb92b1c-ee43-4533-8ce2-334fcbda8b2d.mp3,1
eb6d34ae-a3bd-4600-9c03-945929c43834.mp3,0
d51cdfe1-531e-4411-a0a1-5490f748f8ac.mp3,0
1da80ffd-e941-4af6-90cd-964c68d35fbf.mp3,2
e968246a-65ef-4f4a-a3d2-6a48e6ad4f60.mp3,0
9ee877e3-aad7-4b0c-b01c-c24b83435785.mp3,0
c34bdba4-ab4c-498d-92fc-11882032b493.mp3,0
658cfbda-f57a-4839-92a6-d809ac39c554.mp3,1
17dec9c3-0263-49c7-b9be-ce6bae070de0.mp3,1
5b015f18-f396-4796-9a07-6eb60f7e9230.mp3,0
288f3515-0d35-4858-9a0f-32deefdf9015.mp3,0
e3f34049-839e-4e3a-b4ff-592dc5f97e32.mp3,0
11101ca4-9adb-4938-a9b6-ee6d472a1925.mp3,0
f7a24694-6bd6-4589-8494-f52ae1a6c024.mp3,0
1a9a294a-f0a4-4097-9914-c98cd31fd6f6.mp3,0
9e4ceb22-443b-4825-85d0-870c2b5606b4.mp3,1
19a0dcdb-9e7a-480f-997d-40e96fd618ff.mp3,0
18d578cf-61fd-4eeb-9872-10685b4a0875.mp3,1
b75388dd-a498-491b-b15e-f0aa07f9a221.mp3,0
e3fc6107-48dd-467d-b8cb-1061801624f3.mp3,1
6f071424-ba63-4897-92c2-263dbd8ba332.mp3,0
aa9b4b6f-f1f4-4f77-87a7-9391369bc87e.mp3,1
24cb0c90-7bdb-4846-84e6-7291483cdbb8.mp3,0
8d19f1a2-b192-4529-b38b-d7f9aa054c65.mp3,1
ca4e2297-a20d-4e2c-b64c-f4992af1db8c.mp3,0
651277af-d42e-49b9-98ac-8d3c67794059.mp3,0
eeeed898-7939-4972-8691-96ced10d11e3.mp3,1
fc61e037-ffa1-40c7-9339-76c7701cb6d9.mp3,1
7dc2db2f-d7b8-42dd-bd13-3bce937a8b6d.mp3,0
2a6209cd-6a58-411f-9c7b-297bb23da78e.mp3,1
f243bb29-dede-4cbe-8394-6557eca01b67.mp3,1
b9b95afe-e881-42c4-8a5b-18884f9d2a37.mp3,0
9d5a0ca3-d9a4-44bb-a640-15f617f4119f.mp3,0
6621b0f6-4b0b-429f-a133-2ef67f5417d0.mp3,0
f56c0a69-90dc-4d54-93c4-6c9e95ee3f3c.mp3,0
9358c78e-da7a-4160-bcf4-3a08abb82fbe.mp3,1
294ae27a-1940-45f7-848b-12a376fa65eb.mp3,0
4d7c88ed-f55e-4457-aba1-916944bb966f.mp3,0
a16a3e73-d98f-4474-89d9-9932d1a2bda1.mp3,0
1f0ccc40-c9fc-4b22-8329-5bafb713c2a9.mp3,0
f368330e-7744-467d-8bc8-c3aa500f3910.mp3,0
701de2fa-8b30-4baa-bb65-61b7abe4b758.mp3,0
f2909a55-4495-40a1-ba88-fd8b5b304865.mp3,0
2a0ed0d0-a72f-4841-8bc4-48d921130eec.mp3,0
689597d6-5e0d-4953-9f33-a1aec98fc6f3.mp3,1
1242f95e-61fe-41f8-9532-c0ca4c4d48a7.mp3,1
e4625fdf-b8e2-438c-a02a-0906406b7b7d.mp3,0
fa4772d1-9254-4178-b1fe-d2f0b54c2774.mp3,1
41115971-d426-4163-bfc6-ebe4107869ee.mp3,0
360a7bfa-883c-4f1c-8c3e-c1cc3ac2574c.mp3,3
9019a41a-55d0-4962-9005-5aab014bd64c.mp3,0
a9b9496d-c809-4eff-8e4d-e54cb879fd6c.mp3,1
f3378994-f182-4e24-b421-9a0e61406a7f.mp3,0
8f8a418b-8273-4f8c-99cc-44a619b596b3.mp3,1
21c0848f-83fe-4df5-8340-9410de65ef2c.mp3,0
bf2ee70c-7bc9-4c64-8779-317ce2215f4b.mp3,0
9ede4617-800a-4a69-bddf-08cdfceaf35e.mp3,1
2bc88526-e44d-4d30-bd8f-506721bfb9c6.mp3,0
c5d493ac-c80c-4398-a77d-ef42cebada92.mp3,0
93cc5669-f188-4ce0-9163-ad2a94386154.mp3,0
221ee26a-2d2a-458a-b4fd-a8a53e6cf154.mp3,0
f0cd7714-d5cf-45d6-bf8b-e9c9f230d5a1.mp3,0
ff97cf48-57fc-46f1-867c-7a75654bd096.mp3,0
0ed8569e-60a6-4372-b298-874e98038c05.mp3,0
99c71b29-9947-4207-aec0-4e3c0c352de2.mp3,2
03b66a54-a5c6-432d-a35f-b028fb9d3635.mp3,2
55283df6-d22b-47bb-a159-9d54c13b3e41.mp3,0
6a945a0d-d650-47d5-8eb7-76f096999bf3.mp3,1
c1eec03e-c758-4da7-b841-1d0500935c1d.mp3,1
9c64650f-dd9c-494a-a493-04277d8e4d5b.mp3,0
070434f1-1c58-479b-a8f0-a77d9791fee4.mp3,1
949cbb3a-d44d-4872-9ada-9657eb34cc09.mp3,0
8f378b60-c707-4059-8e55-3ce59908f032.mp3,0
90f6f276-c1e4-4471-a926-1e4ff8f34bd0.mp3,1
d5b7ddad-e0fe-49b3-9f6e-358bea9d3619.mp3,1
418ff2ce-265e-4c36-87d5-d0c324cbefed.mp3,0
537b747c-ff2f-4d74-80d9-0cafd9ed04df.mp3,0
70d0de4c-1102-40c0-88c9-570034fefcaf.mp3,1
b6358621-2ee4-4e5e-b8dd-a054a239c831.mp3,3
d766a5cd-d4a4-46f8-b0a6-37407b337711.mp3,1
1a75bedd-fc0e-4dcb-b806-96320f09f778.mp3,1
d7916c12-d0cd-4bab-90c8-ff13b9bd57c1.mp3,1
d5b84bd1-8a43-4f40-863f-2abbfcfe8bce.mp3,0
25c2b4ed-dd5e-4e0c-af8c-06919c85c2bd.mp3,0
0324c6c3-9391-4ccc-b230-5f4b358aef62.mp3,1
3da47de8-360b-4bee-9f5e-65d7d6f4f21a.mp3,1
29edb696-94f7-4c76-a51e-bfcd3833c0f7.mp3,0
5ff433ac-4aed-4ad9-8e6c-bbeddfba9d2a.mp3,1
826a42e1-b95c-4867-855e-6516593ba287.mp3,0
85e3cfff-218d-4576-913a-d2ee959a80ff.mp3,0
f899625b-d502-474f-a774-6fd7775a470a.mp3,1
49c27a0c-9477-4a9a-97b9-9021a8d8be27.mp3,1
b55a4b8f-e788-4008-85a1-b8ac53cb9710.mp3,0
2f258488-71b2-43fb-94c2-dbefe7891cac.mp3,1
b4d66944-6658-40d4-87cc-da2765400df8.mp3,0
3e9d5bb7-12d5-4eda-bdf3-22651daac37f.mp3,1
77756c19-3e66-48a3-bcf9-42e806f79f05.mp3,1
85868563-daed-4a06-bab6-7a15dbd878ea.mp3,0
4ed1556a-0dee-4e86-932d-791df2b397c6.mp3,0
a38a7a29-b7f5-4348-975b-afdf37455ee7.mp3,1
8c6f9c24-b4ca-4e33-8191-db4a97e1a543.mp3,1
3fec817c-43cd-4240-9a56-9b942384d653.mp3,1
76af2be0-67c6-4813-968f-fdd2356fa5fa.mp3,1
a0c731ab-37b9-4e00-a639-dfc5ce1b75f3.mp3,0
8f5f862a-b55b-414f-ae87-45c45c2d61a1.mp3,1
72e3591a-f71b-4093-8719-c0fb267371b2.mp3,1
1a301944-0a3b-4569-944f-54658847a468.mp3,1
d04d205c-8439-4063-9901-873ba0a0e3e2.mp3,0
ae5c9bee-3b68-47ca-b63b-458552bbc47a.mp3,0
6497affb-66db-4044-ad2a-386f9cbf85ed.mp3,0
fc4c9cf8-f3f3-4af3-8f10-d74112f40337.mp3,1
9c020e79-507c-467c-b25c-4a2ea1140538.mp3,0
9f356ee4-4f97-4c33-8051-f8ae340a1b19.mp3,0
06ac1ecf-ffbb-4664-ad20-c4d42a2c1ff8.mp3,1
703b5ac1-67fc-4a2b-9cc3-7f354be31876.mp3,0
3c94a5eb-7d13-4081-87c6-2bada19ae44a.mp3,0
510f49fa-4fd5-41ed-9b68-5250669ec87a.mp3,1
b8df0e36-f8df-47f4-879e-5b273d2effeb.mp3,0
534e7847-03e1-4307-9586-59799d0fbee2.mp3,0
1b903638-bbb1-456c-967c-e4e2e3e78e8b.mp3,0
2acee200-2208-4ee3-98ef-9c04d0048171.mp3,1
1837bd3d-7c58-4be5-891f-44490955f264.mp3,0
d32c2d7b-72a5-4895-a331-2415526d8a9b.mp3,0
2e3dffe4-2a0a-482d-8a6b-bbd0e98556c4.mp3,0
2232226a-acd4-4fa1-87dd-beb4425845fc.mp3,0
2b445da7-6d56-4b41-a45c-5180ad7f2299.mp3,0
8011b63f-91f1-4edc-ba0a-41340badaa9f.mp3,0
a6ecc8a2-7f7a-42af-9844-6b094abc8f43.mp3,2
7a712aab-7d5d-4660-b3b8-452d9a775059.mp3,1
e19b0560-6cec-41eb-a495-168fa3ce9dfc.mp3,0
bc81015d-5c53-4d56-b630-1c9404e555c5.mp3,1
3eca6416-395f-42a2-9971-2862b801f4e6.mp3,0
7744c9e6-d146-4be3-a12a-c49f30eab210.mp3,1
b4e28c80-450e-4d0f-89da-a3e5d069855e.mp3,0
fb82d4d8-fd31-4aac-8b47-3b45cd1a20c4.mp3,1
1639c54b-d4d7-4e6f-a34d-c6d9bad5ad92.mp3,0
53f714c7-7815-45f5-a22a-93f6f62ce539.mp3,0
d0b49e67-a089-47c8-9b27-e032cf10ed0a.mp3,1
3a13375a-b45a-4864-bcbf-a5b42c8ce3bb.mp3,2
5872166d-bc17-4876-9575-176b4bf05400.mp3,1
73927258-0101-4c4f-b5ae-00e41d72d14b.mp3,1
bf05d685-a033-44ea-a286-cf9c540079fb.mp3,1
b73734b9-e24e-45b6-aabb-b2fda60d98f5.mp3,0
5ffc9655-e489-4e4b-8a78-a676dc3882e6.mp3,1
15ba8ab6-ccc1-48cf-bbf7-c1ee73ae6576.mp3,2
72d9e961-1578-4bc7-8b5d-9cae813afb40.mp3,0
51cadc55-c557-44fe-af2e-b78bc60b578f.mp3,2
0210344c-d5b7-49b4-855d-1806a5efcd8e.mp3,0
36590a39-7d4c-4928-b616-46d0a495c887.mp3,1
aa20c04e-5146-4885-af09-76c785d7956d.mp3,2
50ec534c-4fd6-4688-aa35-f4960096caa9.mp3,0
f16d3679-558b-4a34-a0c9-798c97faa75a.mp3,0
16e6f0b8-690a-4e51-9845-d6348e01ef02.mp3,0
5c23bc39-4c72-4f44-9675-985b7f048b8d.mp3,0
d5365595-7cce-4626-acef-d251c79fdfb3.mp3,1
44a49d0f-ad28-4124-834e-b3acc10c1ee6.mp3,0
40e30ec4-d349-440b-a1b2-4a048ff82b09.mp3,0
60d2f5aa-8bba-4ee3-8ac3-343a099d1f13.mp3,1
e29d3a45-5f43-4849-a1c1-663ce8107e91.mp3,0
85521b8b-8a28-4526-826f-7e814fb9bf21.mp3,0
2cc639e0-7167-4cc0-8b5f-a4432d7776bf.mp3,0
dce56cd6-663b-4eaa-806f-2445f79fc29e.mp3,1
a3fe4141-d67e-4e0a-9753-89a97b3e817a.mp3,0
e40a4b9e-f2df-417b-98ed-e92bcc19d8d2.mp3,0
f6d96f8f-7b7e-49d1-8bf6-b439cf43e77b.mp3,1
920e1974-d3e6-4399-960d-1c3fb3853e5b.mp3,1
a8cf1c95-8e5a-472f-a7cc-84dd0a5e33af.mp3,0
798e7a37-d692-41ae-b6e1-b5fb3b5b6a94.mp3,0
dc36b9f9-66a9-4d34-a5e3-b40e3831daa4.mp3,0
db88af24-c190-4801-82cd-9ec859447507.mp3,1
559c3b98-a09b-474e-8a4b-3803087b35e0.mp3,1
486eb9ed-36a6-4068-8b1b-cb35094d4551.mp3,1
5a36c54f-465a-4641-b49b-44f0010fe87c.mp3,0
1459d25b-8959-438e-9ed8-f5183a1c9832.mp3,0
cb18d58d-64fd-453f-a08b-02f97e202a53.mp3,0
cb6a77fe-23e6-407a-8c73-b0dcebff2eb4.mp3,1
89115969-8259-4c6a-ad1f-cbbf6e4bc25e.mp3,1
0e6da393-de06-48d1-9e7d-a5e2b24148bd.mp3,0
0562bf60-d2de-4223-8671-f2abac99564f.mp3,1
4c23acc2-2aab-4cf3-b1a3-fe61be3405ef.mp3,1
18baa8ae-82d7-49bc-90c0-775d594b4664.mp3,1
c835f06e-8513-4e34-8b7d-3ad3018ed3f2.mp3,1
1a1dee4a-dffd-461a-8362-938318bc248a.mp3,0
f123cc59-ca50-4f45-b7dc-9c5482fa2035.mp3,0
c05acb97-5478-460a-b0e3-3595d3fe3694.mp3,0
7567a3b9-2b0a-46e4-867f-3135bd1a1ff6.mp3,0
f0e2d006-82b9-4d6c-b451-222a69570485.mp3,1
2cdd9717-5ee1-4eb9-bdd5-8fe5f2bf144a.mp3,0
24ccfe96-ed7a-453b-985c-0410428dd2e0.mp3,0
5952b63b-92b3-4884-9692-76542066e052.mp3,0
d0b07b59-897f-4e06-a618-affe52393e08.mp3,0
f1d0be87-d29e-4c46-93bb-bdf091698d3b.mp3,2
e14e2984-5d8c-4b84-bd27-ff7db8df6379.mp3,0
52cff760-d81a-4486-88d0-801064a0e017.mp3,1
d54092bf-5608-4f07-b7bb-c8bac31a13c3.mp3,0
b27cad87-85bc-4089-a549-b44a61e97cea.mp3,0
58e846b9-fbde-4160-98cc-6c8f3abee4a7.mp3,1
1eee2b6b-05dc-41e4-94b6-dbdab41e2196.mp3,0
cd37efb3-aeaa-40bc-a7fe-981762fe0381.mp3,0
de9b8707-239b-42f1-8023-3579e6b234c2.mp3,0
23a4f4fa-8afb-441d-8a1e-648189a322ca.mp3,1
4658a51e-ae36-42b6-9326-8ce26c9607f2.mp3,1
c4fbc944-5d22-4c5d-b3ce-0aa406255e93.mp3,0
edfb5442-2f57-436d-bcca-263316fe04e4.mp3,0
a0235a75-152d-4ccb-b1f8-c595de112167.mp3,0
3cc8879d-be57-4ff0-90f5-d6ab3c2409b1.mp3,1
bb3f8680-fd9b-4f9f-85c4-fd55ac176e4a.mp3,0
d556e3d2-5bd2-4728-b72e-5237f78edaad.mp3,0
988b14fe-780b-402b-9499-a26e75801f39.mp3,0
211800c0-d568-4f03-9b5f-ea54f7dd9b37.mp3,0
d2e67c57-bb97-4720-9ce5-b144e738a403.mp3,0
e2295def-1cad-4f39-9a99-73ec11c06800.mp3,0
39d1aced-5de9-463a-81df-ef4aa6370cdd.mp3,2
ac9fc040-cc57-42c6-8f43-1f0715f1a8f0.mp3,0
e56632e4-957b-4786-bcba-570de0584762.mp3,1
5cb1be17-4dfd-4e1d-9bf0-734bbb99834d.mp3,2
e7d2bd21-17e0-48b8-99b6-6731c513c65c.mp3,2
fb7ee2e7-5a58-4737-a614-63699482f236.mp3,0
ca4322a8-3e97-4937-a8f3-a846b78a4f43.mp3,1
8b285d06-2e4a-49be-80a4-ffd79ab7262c.mp3,0
ba422a9e-6ec3-4c8a-b832-b7e70d7ff775.mp3,0
e4e79a68-9aad-4f91-ad80-71c9ed42b723.mp3,1
d7cb0337-65b7-4428-9ffb-f2480b57024f.mp3,1
09fda0e0-a339-4bd3-9ac5-65749f033386.mp3,1
b3ef04d4-5b40-43ca-8dd5-95dfe854d81d.mp3,0
db20bfc8-2517-415e-9ed1-3222c6bdb396.mp3,0
3aaf566b-cbbd-4169-8162-c5a58143edbf.mp3,0
2cde15e6-1d8c-46e7-8221-5aa3cd7f9a8a.mp3,0
b0a0bcaf-ad66-4d63-9a0e-1f80b10441b4.mp3,1
d2bb252a-9554-449f-b599-9259f7fae744.mp3,0
8f5df46a-6b90-4c0e-88b8-294869c49357.mp3,0
e4eb58ab-2efb-401a-b658-8f916ad9c9ef.mp3,2
9bb11b0d-55a6-4e61-a975-0e6b281012d6.mp3,1
982894a4-5b1c-44fc-b01a-3f1bc16aea5b.mp3,0
6d64bb08-9032-4726-9387-4d0678e40463.mp3,0
e7afedc3-2e5a-4802-a9c7-305ff384b01d.mp3,0
744b3644-5025-4a03-9e13-3edb46e6a42c.mp3,0
5b02ccce-4a96-40ba-9eb8-f84dba4b0851.mp3,1
9eb98b27-1c9b-4dcf-bf09-73b25346a9b0.mp3,1
61ab41d0-c89d-46d7-ad32-5179843cd415.mp3,0
8da2bf81-28ae-4c83-9ff4-e5f3942f26bc.mp3,0
6874af2a-7b9a-45dd-99a2-441c166f7442.mp3,1
789f03ab-58f3-4f2d-a6bb-2d577db737d5.mp3,0
1842f573-f84c-4320-8dd6-d1d1144a1ec2.mp3,0
9f1b19e9-c20f-4074-b1c1-fd1f9557cc79.mp3,0
8805ef6a-c07b-4bb0-96b7-b55a2283d098.mp3,0
ce4e90c6-6877-4c2a-bd25-6966698a89db.mp3,0
c5823375-f8e0-4880-99e0-5a1a45befd2d.mp3,0
ad29772f-d7d9-4ed8-96c3-bf11e8a3248e.mp3,0
7ebbee2a-baf0-4e9f-94e3-962c7fcfb80f.mp3,1
24773044-adb1-4558-a87f-46c08a5c4b44.mp3,0
aca97360-9832-4752-9087-361e61bdff27.mp3,1
f138b010-5aae-443f-88cd-f6518e710c0f.mp3,1
27c46408-67ca-4bcc-acfa-3c038de28461.mp3,0
69d9b1fe-e169-4d46-9056-42c0f39a3366.mp3,0
f0339344-9c51-41f6-87c4-bc5404ef777a.mp3,1
c7bfa428-9117-44a8-9e54-93cce3753d2a.mp3,2
12fd315b-33ad-4f69-bc40-6238266c61fa.mp3,0
e7fe1785-9640-454d-b551-1ff8ae04bb61.mp3,1
8b064ebe-10af-4197-aa71-1fcb5af83ea3.mp3,0
376f8c25-dce3-474b-87f8-96d830118f3e.mp3,1
d8c024ce-af8a-4609-a8cb-198a38550e73.mp3,0
15e39a69-10ea-4074-8c3f-6a53b776fb29.mp3,0
605574f8-e405-481e-a7e1-6c34964eaf1f.mp3,0
30453401-6ca3-45cf-af08-5e382f5aad29.mp3,0
5d04da88-072b-4d61-92e6-9bc8efe993df.mp3,1
66708619-1f56-4491-81a9-4f9ea883fc40.mp3,0
4a5e4f6a-7aff-4d64-aad5-dad65e74a8f1.mp3,1
cb246bd8-b09b-43f7-abc1-6ea255c9a39e.mp3,0
41efc942-771a-4b74-aa0e-b92b708a6caf.mp3,0
8aa6bae5-82f0-4dc2-8501-7690a5d62bcf.mp3,1
db6f4f06-8858-4893-9fdf-606895fea556.mp3,1
fd700b5d-ca0e-4c87-90d2-ff8303457911.mp3,0
62e56f81-44c8-429b-8ac4-6783702ceddf.mp3,0
480cf491-5e8c-4e6d-811f-28263069b612.mp3,1
7a586c49-04d7-47f4-83f9-1f484906f481.mp3,0
a48de81c-3fce-44fa-9a74-7f248248e29b.mp3,1
0dda4872-41c6-4737-a3c5-2d8ff88a8636.mp3,1
26235f3a-7c50-4b75-ad8a-88a789a77f57.mp3,0
93c6f33b-bf61-49ca-88e7-350f1b51efd4.mp3,0
ca1ca2f6-4abf-45f5-85fb-72a7c4c0532f.mp3,0
3a208aa2-c1f7-4acf-b726-aa261790d830.mp3,1
f3e2b95a-8cda-486b-b111-2078229b175c.mp3,1
d0a10eb5-49c5-4157-a7a9-f1acde2a2a3e.mp3,1
56e71140-da4b-4bda-9974-a28fe971aadb.mp3,0
60599542-1224-4fb7-be49-31e254250e54.mp3,0
9c54c6cc-1d6b-4cf4-a6ec-014099df19fa.mp3,0
7a2154ad-7aa4-439d-b5e8-ee066bf79a2d.mp3,1
39f887e5-e22b-4c32-94ae-2399c974a4d6.mp3,1
dbfe62f1-dedc-4f42-84b0-087c6f4815fd.mp3,0
4595ac65-ccdc-41b2-a43a-fde1c2663084.mp3,0
8c2f9056-45b3-4ed8-8919-8d549de19b29.mp3,0
a872dcd5-b9c5-425f-a4da-df44f0b804bd.mp3,1
fd9d8c99-3398-48a8-86d4-0b632ef221cf.mp3,0
755ec17e-fabf-44af-a44e-a27bbd39ed18.mp3,0
28bdfa10-46e6-4745-9b36-19556a903561.mp3,0
ad6defb4-7983-4563-829d-4b9331223115.mp3,0
5db626cd-aca3-487b-836d-fbd1c5c3cf93.mp3,0
ca04afd1-4351-41d1-a68f-b6fe1bae052f.mp3,1
32c1c1dc-18a7-4fa0-bb14-5eb1cfdf70a8.mp3,0
4ecb3bb5-7f42-48d7-a11a-e64340e437e1.mp3,0
c978f60c-8def-447a-937f-486d2292644e.mp3,1
e82abc7e-0e72-417a-b22e-af61ef459b43.mp3,0
27136a3f-b650-4b0c-8e4f-c36aaaefad09.mp3,0
07627395-f1ff-41b7-8a0d-ce9e87a4c5fe.mp3,0
36eaa380-0b0b-4d16-bff5-c5fd6577d31b.mp3,0
ea765aed-7d9e-49e6-bbed-4e7f1afa7e5d.mp3,1
5b8caf02-bd35-4553-93ca-7e378b8a4d85.mp3,0
cfdbb99f-bc9a-42d2-8763-c0a8b1dfe062.mp3,1
927f8249-b84a-4e72-9f9b-d9f4fb4d5f7f.mp3,0
adab1296-6dea-4395-8b62-bc21fb282141.mp3,0
cd5b034d-54c4-4ccc-8ab5-143852f65fda.mp3,0
31b6f424-336d-4231-bc34-53f3982700d8.mp3,1
5a644fb7-a6fc-41f1-83fe-6ac8f954fca8.mp3,0
eb364b37-6983-4d5c-9005-026f206a553d.mp3,1
27fdb92a-09d8-4f0a-a50c-11fe22f5248c.mp3,1
a60f2c4b-9759-4df0-8678-5c7b32d1a7ea.mp3,0
da87f9dc-ba9e-495f-a6bc-26fcc8612b78.mp3,1
d20cf151-e372-42de-818a-15145f60b76c.mp3,1
92de8283-be18-4bdd-8d1c-8315ddb868b5.mp3,1
49193546-73c9-4a4d-886a-680b4aaf3214.mp3,0
002f499c-d7d9-4d81-8118-88e23dfc21cd.mp3,2
255b1b20-0987-4d4f-a633-793b16854e10.mp3,1
ffc67de1-4add-40a5-9ba9-851fc7ae22e9.mp3,1
dca6d9aa-1eb3-4c15-84cc-bcac6bb8038f.mp3,0
f3ecfbe7-a117-40e2-879d-069f7d4efba0.mp3,0
4272e267-e5aa-476b-bbf5-c64e216e865b.mp3,1
3d2a35e8-309b-4097-bddb-5533f293a65e.mp3,0
755c1a32-9a54-4725-9be5-e71255911730.mp3,2
b71947f0-3bc5-4343-9ded-2f7b835b2f36.mp3,0
ee89a19f-1c76-4ec4-b905-8b2f2931885c.mp3,0
277762b8-949a-452f-afb1-003d1177fa12.mp3,1
2be79b6f-02e2-4c9c-ae49-cafcc9befa4b.mp3,0
53a81510-c652-49c1-80ce-7548d9aec124.mp3,1
35c7cef7-7f02-4ce3-a289-f697bfd89cba.mp3,2
fde60f2d-2f34-4352-a398-cb37fe46c284.mp3,1
2391a5c1-16e3-46b6-b8d3-a3a924ce07d2.mp3,0
0d3cd97b-878d-46bb-a499-268e27d70d57.mp3,1
f2bbf70d-c8ae-41a2-ac55-0c43cc6aab2b.mp3,0
173564c5-8923-42d8-a65f-bf28e0ee08c7.mp3,2
3d877941-b98b-4968-b392-5b2254f93d02.mp3,0
0555b47a-a945-4182-a293-2da25f1a7d24.mp3,1
a1263196-7971-4d3c-8a1b-4a8648f921bd.mp3,0
a23ba4fc-f138-4ba4-8dc8-b74933c94eba.mp3,0
b87daa76-717e-46db-85e0-6019c337f03f.mp3,0
13d088cf-5c76-43fa-ac5d-cdd46a3cafee.mp3,0
3c89cd80-553b-480f-8e35-60fc60607d5d.mp3,0
a813b7f7-f871-4177-92c0-e33960b8fa51.mp3,0
0f5b166b-3e6e-49ff-876a-d0493766f925.mp3,2
6b3a0ba2-ef46-4aa1-82d2-0ba620df7d1f.mp3,0
f9c707b1-43bd-4cff-a945-e5f9b359782b.mp3,0
b2a40a67-b174-42b0-9627-be43bf245f86.mp3,0
bd1f4a84-f7d0-4fd3-8982-d39759665bdb.mp3,0
8b934786-7f95-4e85-9f14-4996a2c59948.mp3,0
bd79ddfa-7735-4be3-ad98-2df5e31ecd53.mp3,0
bf61520f-2b33-431e-a106-d7406c1321e4.mp3,0
ae28cdee-b835-458f-983c-9ccae7866a4b.mp3,0
de134b51-7d14-48a9-8ddd-faf2d18af027.mp3,0
ed38bd60-9f51-4514-b013-32bf333d53be.mp3,0
bd9b4962-eef4-4bf5-a61f-0b33511ce343.mp3,1
53fb8162-5d3b-4e98-bace-9af28a70fbb2.mp3,0
461a7e9d-0496-442e-89d2-6561adc9a18a.mp3,1
37f43732-1982-4ba1-9629-e35edee6b8d4.mp3,0
c4b677c3-befb-4973-911e-1dcbbd918839.mp3,2
615d94cc-4f0e-4a12-8c4c-1bd47f241414.mp3,0
bbc8eace-50ff-431f-a5ae-371889cc02a6.mp3,1
2857b07f-f6f3-4a2e-91db-630d4ce40886.mp3,1
c2f88314-ebe5-4c33-9884-8f60900f7fe1.mp3,0
ffa583d6-6b9d-49da-9a5b-7011282a6cb8.mp3,0
3f15de11-072e-421f-9b88-7e4e956adf26.mp3,0
f4dd3b44-6662-4857-b074-b5e1a96bb9b7.mp3,0
cc98a9f0-b479-4677-b14c-1e47f63dd929.mp3,0
6a5c276d-707b-45d0-a582-44d8335cfcf4.mp3,0
e40e0823-b513-4608-8880-78b9370f5359.mp3,0
b3e6868a-3c3b-4753-8955-99b4bbc87fa2.mp3,1
c2efe14e-abe7-4395-bdcf-fb5d9f2f90ee.mp3,0
0348550b-ac24-43ec-b4d4-f249a3c742b7.mp3,0
bbc2293d-3120-455a-89a8-48a062f2d958.mp3,0
33166a2e-48f5-4f79-9eeb-5f6e39806967.mp3,1
fa9676b8-939f-44cc-a400-fb71bbc7d803.mp3,0
2aa92218-8b8d-400c-afaf-03b85e4682d7.mp3,1
0252fcc2-14ea-4188-9e7b-adf881099e4a.mp3,1
78e320c7-f2ab-4ece-b86e-7836fa4a9264.mp3,1
ba48e724-8fea-4126-84c2-dbc475133c69.mp3,0
4a74daf2-4966-480a-8868-b33107d63399.mp3,0
95a109d3-bcca-4a67-8744-94898356301a.mp3,1
99507291-876c-49df-9818-9fb00f7f9c0f.mp3,0
dc04ffc9-1850-4b29-9282-aa8e8e6ec903.mp3,0
69d04e67-455a-4396-9803-8fcef28c28de.mp3,0
14e53f88-4682-4870-a245-e3a06e4bc7d0.mp3,1
4290f2c5-8f79-495b-b97b-2d9cb2f40f4c.mp3,0
fd480bcd-1664-48c2-a2f5-dcc97a3bc88a.mp3,0
91639947-5231-469a-8821-f7a5ea144558.mp3,0
c7224c6a-571b-491d-a4f3-b9f8cf001a87.mp3,2
0736a009-1906-41e5-8678-e2b08c519739.mp3,1
c85ba81f-6bc0-4bac-952e-21b220fe74fc.mp3,0
4b0e4ab8-4b1d-4a08-ba33-da9ec3cb1612.mp3,1
2f945c1c-3f28-4b27-8752-4c2a59e823f3.mp3,1
dd3ae511-6d3f-4658-8c0e-0dd0ec1d837f.mp3,0
a08725c1-9244-4f98-b6cf-b6454272d18e.mp3,1
f7dd57cf-a773-4833-ac91-a1e9943050a3.mp3,0
50928047-efba-4b83-acec-4b608d22d50b.mp3,0
bc95796c-4d9c-49fc-ab22-ebda8d28eb24.mp3,0
0f8702e5-557a-4e9b-8b97-7b43b922fe1e.mp3,1
90d27b42-b447-42cc-bf3f-38358d784bb3.mp3,1
4079f839-a0cf-45f6-898a-2fd038ebd455.mp3,1
468fd8ad-adf8-42d1-815b-2483469510cd.mp3,0
f5407abf-c55a-4cb9-8d5f-5d3f7d347948.mp3,1
1ffbef6b-f498-41cc-bf77-e040dbedf76d.mp3,1
4c51326c-770c-4cd9-9746-3b86aa9fbb6d.mp3,1
a3810d44-9b5b-46b3-afda-a1082e0f4bc8.mp3,0
7bf35e02-b842-4b63-87fe-ba7f90a2aef4.mp3,0
4b0330b3-e830-4021-a514-f24e34658bca.mp3,1
f52ae387-f9a8-4c94-aa94-1c7e8393b5b4.mp3,0
0f418e70-9f60-426b-b07f-bef2ec5ba56b.mp3,0
e0c660e6-5cbb-49f3-b2c7-14c6044f6088.mp3,0
d1e88fa5-8be6-4603-9fed-55fd71479920.mp3,0
a7c9a503-9c6f-4376-9fdf-f2ee020312a6.mp3,0
7ea39771-8e51-46d6-9678-3d32354ab569.mp3,0
59321639-1d7e-40be-8a4b-bc9905310ae1.mp3,0
7072f9dc-efa5-4bf3-9218-2f7a399bdc93.mp3,1
2e1f0123-fc93-48a4-b4e3-f79ff885b606.mp3,1
24bef34f-9274-460a-b1b6-aaf568669ebd.mp3,1
f247c394-addf-48ec-b440-707cc3144ad6.mp3,1
2e6cc7c5-277e-4d0e-b09b-60d143429101.mp3,0
1dc5d11d-64b0-4ef4-8f4c-7e28cdcf9458.mp3,1
5fe22bfd-b730-47c7-ad0c-ffc45f2f3043.mp3,0
aa504142-7c5d-4135-8a83-708b7a992181.mp3,0
5bccb022-dca7-4040-88ef-82aba6b72a36.mp3,0
d83606a1-4156-4b0e-ba4e-888c9d54ada2.mp3,1
d95dcc4e-7bca-46d8-8c8f-998e1a8bc4ef.mp3,0
8ae731c8-5517-4ebd-9267-8c1663dd4c39.mp3,1
fe96dd8c-d371-4a94-8e64-0cb0f088fe07.mp3,0
8d4e58f2-7db9-48b4-adf5-4c73def3981b.mp3,0
f7d48398-653b-4343-8b32-30413e32a275.mp3,1
3e69d30a-882c-4740-8c34-3217d689598c.mp3,0
cfe71cea-43ca-4e1e-a223-617ec684ebf8.mp3,0
2fa48f16-ceeb-41b6-8d0e-2dd381f0149a.mp3,3
0e9824a4-e5c2-4a4c-9933-ff2aac634847.mp3,3
be127a0b-102d-42e6-9fe9-0d1dc4dc51cb.mp3,0
2975f57b-1282-4e84-adce-61cb70f87797.mp3,0
a37d3b62-a16c-40f3-9a40-47a4b75f548a.mp3,1
f6b7584b-7033-472d-b6b0-8c6e6565a78f.mp3,1
f2b6d8ce-3a48-4f27-a506-651e35210d37.mp3,2
2548669b-89fa-43ca-b98c-92d8ec8c70d2.mp3,0
42b1477d-8b26-44f7-9025-aa7d32ef5f9a.mp3,0
20620e91-e077-4fe5-923d-377d9f02e92f.mp3,1
83eb699a-d1aa-4a28-9681-1a82456858b6.mp3,1
157d4cc8-e123-427c-a980-7e80d0c130f3.mp3,0
4a6a7719-0d39-4f7e-bfcc-1e673a09c62f.mp3,0
834f258b-16fc-47da-b300-2b246c4f8ba4.mp3,0
d8bd2ef9-3dc1-4007-8bc2-0d64a0117e20.mp3,1
266a8549-48cf-4888-a4c0-16db2b838451.mp3,0
df644d05-a1b1-479b-93e4-45e1ba59e425.mp3,3
9a815b39-fd00-44df-8588-864bd8858c0d.mp3,0
09c632db-f434-4c05-bddc-3935c3dc29a0.mp3,0
8fe82fbc-1b9e-4c50-a2ab-d3a637cd6dd2.mp3,0
28115f5b-0b7c-4204-a05b-bcc6236666c6.mp3,0
61150d62-49e8-41c4-b104-6f0bc4ed5f24.mp3,0
87bce379-38f4-4d42-ae61-bf18ab8c34df.mp3,0
a558a1ac-b9fd-4206-ab47-f43f08c05e43.mp3,1
c862a6b0-3423-4534-9d3f-08fae48e79c3.mp3,1
567002ab-979a-40a5-badf-506f2003bbb2.mp3,0
c1e61f7d-73c6-4007-96e6-894cd60e70e6.mp3,0
22591e21-9971-494d-bf91-33a01964fc3a.mp3,0
ed7ca59d-8911-4475-9c39-cc985f5cd64b.mp3,1
10a258b9-9866-485f-83c0-99b8d190c909.mp3,1
333636a8-3cb9-45fc-a48f-850b3b08d419.mp3,1
9e040db2-c386-4c8a-a7e5-90a1b786cefb.mp3,0
eaca19d7-4cf7-4585-8a16-22814b0582ee.mp3,1
0c37af26-c1af-42c9-b4d7-cef18a984564.mp3,3
298bcc34-fd6b-4bb3-90d4-792ff5c3b19d.mp3,1
dd54333b-014c-4216-8291-642ade3993ba.mp3,0
86f385ff-29a4-4429-8169-ff9db39ccfc6.mp3,0
30edace6-c6dc-4a14-b2b0-b539eabe837e.mp3,0
8874b8a3-c0b7-43c8-94b2-cca7889dbd63.mp3,0
511e7dc8-c3d8-4425-b046-2c4f2a497664.mp3,0
2874f8b3-71a3-4769-8e9d-443b48625d25.mp3,1
eaecf88c-8eaa-4696-a5d2-d759350e507b.mp3,1
25180a18-619e-4e2d-9549-20dd9d7db8b6.mp3,0
af9a4a7c-ae9c-4738-a8d1-95d24b99bbb3.mp3,0
26451a57-49d0-487f-834b-d3c337c1a070.mp3,1
3133c69e-d690-4eb0-8541-e5dd35233283.mp3,0
2aef7534-5388-4ff2-a185-729e7a512dbd.mp3,0
aa42dedf-23f2-4981-9d62-75a37419e60a.mp3,1
e2e439f5-7e63-460f-a132-0502a033485a.mp3,0
5eaf6c4b-22e8-4c33-9938-8bcdb79c6987.mp3,1
88bba3ca-9a93-4d67-a9ce-970bb05e1a78.mp3,2
f5befe73-85e5-4e67-b150-9d9bff2c7739.mp3,0
1c9e3921-6d59-45f7-9612-9cb88b1c4c53.mp3,0
a8d5fc2e-078a-4562-97f3-4b03e1056862.mp3,1
939f9cd5-1885-4664-847a-855dd36d99bc.mp3,1
5c9ed3c8-e002-4d13-acde-037b91d1cf83.mp3,0
f5a1392a-2f49-46dc-ad3a-29a71bd9ed8f.mp3,0
19af1be9-cffa-48a5-b5b6-86d9d3f336ef.mp3,0
1cdefa7d-9b85-47b5-8e42-96116123716c.mp3,0
b80ab90d-b205-40ad-b750-8046596bf197.mp3,1
9f7a3953-2e46-4635-9847-85e893b37a97.mp3,0
b25ce1df-1728-4f38-b48a-6bc083971918.mp3,0
2372e59b-8754-4942-a401-2c2d2d11e744.mp3,1
920cb9ea-4618-4667-8b4b-ecbfedf7794b.mp3,1
9746b352-e28d-4425-bbb7-e0e6da4471be.mp3,1
52ed26fa-e93c-49c0-a482-cb9b368ea565.mp3,0
52550716-15a0-4d48-b998-475573b8fde5.mp3,0
e48c5d98-cf9f-4057-ad74-8e593d9ddf3a.mp3,0
e4455b09-8e47-4ad9-9191-42377d14637b.mp3,1
ec60c828-18e4-43fc-b62c-90677b308e9f.mp3,1
4ef64e22-9dd5-4888-a3a0-48087b3d7d1c.mp3,1
776fb8fc-a2ae-47e5-ac9e-61c473d6d7f4.mp3,0
7e8a23e0-b6c6-4572-856d-08d8e794ba06.mp3,0
1ec9fb48-20bd-452e-b504-69d9c8d5ab46.mp3,0
5ea514e2-fd09-4379-91f5-013c27f0ab31.mp3,1
ef3a1b21-b10c-4e30-8241-12ca1f421ecd.mp3,1
63e0384a-799b-4fbe-a635-ea27966fed2e.mp3,0
9be517b7-f28d-4366-87a2-c9c70e35e87f.mp3,0
143df8bb-a313-4e7d-abea-0ccc80fe5d7b.mp3,0
6a7b908b-c4f8-46f3-acd2-dc981524ccd6.mp3,1
1ffc8662-0941-434d-861e-29ae6de9b2fc.mp3,1
a21047c8-430d-488b-a987-1124d37b2f7c.mp3,0
5d20d12d-af4b-459c-843c-863700be4a37.mp3,1
4301a0e1-c69d-43f4-8de1-ab88892cf6fd.mp3,0
1819e1cc-d126-4110-be64-d55720de918e.mp3,1
79aae342-13ca-4ac3-88a5-ec740523efbb.mp3,1
c851e96a-787e-43ba-bb59-b5909396c791.mp3,0
b7a34063-ae49-4ab7-a4a0-76a2e1541af5.mp3,1
3b221439-cc3e-447d-ae21-6f13434c9286.mp3,1
f1467b06-b9ab-45d9-b017-1d63426ffc9c.mp3,1
5975bb4e-8cb7-4e0d-89f9-c362eccebc12.mp3,2
c3ccf5c9-3ee7-4cce-8640-b1315912752f.mp3,1
45cf27de-ce3c-4d55-9a02-cf8ab2856dc2.mp3,0
08f59844-ed3e-418b-a4f6-448984485a83.mp3,0
19da8d17-2515-4772-8281-73df0fbb1c7c.mp3,0
1530f1af-c530-45ea-b8d5-bba8d7a37332.mp3,1
9f885b17-8856-4af2-bf04-48b908104fb2.mp3,0
b2e6c16c-f29a-4c92-80d3-e64853b7021b.mp3,2
0f550c11-96b2-4610-ae83-248a088cd103.mp3,0
6d66a7fb-414d-4bdc-949c-0b99a9d3eec2.mp3,1
1f26a938-8e9f-45cf-8b36-82126f18d080.mp3,0
fed81c6a-fec5-4e8a-b46f-f3fca1c506cd.mp3,1
fc260559-18fc-4770-9ea8-b83df8f88564.mp3,0
e1e073af-89cf-4c3e-aaa4-5f45725b31b8.mp3,2
7ed865c7-50b3-448c-812a-34bcaac007a0.mp3,1
044c2418-4928-42b3-82bc-0b8af7d5165a.mp3,1
cc80367a-d8f2-4a32-ad6c-d68727cf1a85.mp3,0
13f1477e-a862-4949-bed1-75cf6fdd0d4f.mp3,1
0ab59dcf-c27a-4886-b326-afc813185959.mp3,0
de35f82d-1181-433f-ae9c-d6549ab11611.mp3,2
2c7340f8-ac7d-452f-b403-430bae06feff.mp3,0
9a75cc09-6c7a-4be0-b171-28d782ef35a0.mp3,0
c0c51895-1f77-4688-8887-2ae9c0e48b72.mp3,0
f6ec5972-73ad-4cfb-abc8-a7f83ad6ad5d.mp3,0
56463e3a-40b5-4446-a7e0-398bc2157040.mp3,1
43132699-c1eb-40b5-9bb0-23f223dbb679.mp3,1
fb4df8a3-f885-4f93-b4d4-afd0e39d725f.mp3,0
7c01d978-3313-4756-9df1-df438a3c8bb7.mp3,0
a02dadb8-f6f0-4c47-80db-2d915bc57825.mp3,2
15df10b2-07e0-43a7-9a98-d2bd9738a961.mp3,0
fa0e9d40-bb4a-4435-a7b3-efc78166b037.mp3,0
b562488c-17e3-4ad4-891a-70dd6d04d661.mp3,1
c9873e8d-9f75-4ac5-b6fb-ee25a8cec5e5.mp3,0
2e08aa93-5271-4260-86eb-7218606153d8.mp3,0
efb9ea51-79d4-473c-beaa-b4b7c0a2eae0.mp3,0
bd74377c-456c-4d1b-ad54-ab71b17db176.mp3,0
4cb56e73-7a2e-418a-92af-1675c5cbb6ad.mp3,0
e99261e2-f65a-4b01-939b-082d9dc5264c.mp3,0
cd7f6a46-d364-425a-b120-7235511ef04f.mp3,2
199fb908-a28a-44da-bf6b-82a38a51ce88.mp3,1
1d85a48d-069e-480d-8335-3c7d97034c48.mp3,0
71c1fcb8-ef0a-48f0-b863-9e255f95f73f.mp3,0
1c43cd5d-fc2f-4951-8565-76e4cf2a1984.mp3,0
b6ec7e6c-42b4-464e-a139-a236d949a085.mp3,2
256f98a0-9078-453c-a908-cd8054c6eef6.mp3,0
e51436f3-39b5-4529-8cfb-8ea48f021a7e.mp3,0
e84daec4-60d7-4b21-b247-4aea54fee29b.mp3,0
eab0640d-d18a-400a-bcde-320c2a21511d.mp3,0
a06011d1-7a22-4ddc-bbf0-60fb39aa6047.mp3,1
9568bbc6-176b-470f-b761-92ee863f7200.mp3,1
454fb693-d8b4-44f2-94bb-362b36cad753.mp3,0
4878c804-0e99-4a04-b830-6fc1d1f05620.mp3,0
4ad0d073-2c57-4028-9ab9-8854b416630f.mp3,1
37a01100-85aa-4d6b-8c2b-d0d691cb3743.mp3,1
4ccbc3c5-b3d5-4c83-a752-581d0b5d209b.mp3,1
b5b6a50f-9e48-42d4-9e40-c1bf7560f4d8.mp3,2
26046242-0b55-4d7b-a0d1-79948b75dfc4.mp3,1
15f6aea1-eaa3-4318-b251-7b4ac516a0dd.mp3,0
519e0435-8dec-41c7-9b00-b01da59a7fea.mp3,0
208f0ece-588a-4bd2-b330-031af0e27240.mp3,1
3d9a019e-8aab-4131-8adf-7792a8a0b71e.mp3,0
59511b0f-b06f-417b-a192-0ac1283937a7.mp3,0
41ab06eb-fb75-4df3-9970-44c4a090e888.mp3,1
84cb6385-d1e8-4e17-bacf-b9f69670203d.mp3,0
b768a4fe-57bb-490d-8856-bb96b20a1f20.mp3,0
f7a2da40-084a-49f9-82e7-43aa1cc95961.mp3,0
2c163a43-cb38-4d8d-a3c0-767b4b12e441.mp3,0
aa68c774-f087-4329-843c-49b11c55c41b.mp3,0
5b4700c9-d1de-46a3-8b2b-4b30b0b6ecce.mp3,0
85229d3e-b722-424b-9e42-222b762921f5.mp3,0
f42369d5-3742-4d52-8c81-0e5728f77b73.mp3,1
ef00e32f-b927-4bbd-94a5-b7912560fc23.mp3,0
339f256e-79c6-4379-b93c-c2c20cde6f24.mp3,1
72e3a86a-7655-459b-93aa-3af3113eb209.mp3,1
58c14531-0be4-4efa-8426-6117d54d4e46.mp3,1
9e08f302-1bef-40c7-b872-cc20454ed8b5.mp3,0
eb40de73-3782-4160-a722-470668ae5b12.mp3,0
04c55106-1e4f-490d-8b3f-a28d914b860d.mp3,0
60a036a2-98ac-4a7c-a00b-1a0bff0f4ed5.mp3,1
5b4c79dc-59d4-47a8-8d0b-439effe6df9a.mp3,0
e4dd1575-27ba-49a1-a039-4e229e9b0e0f.mp3,0
3eca7290-f36d-4259-b0d4-d89f7098aee6.mp3,0
5cfe1624-0410-4627-8eba-6208cd464aa0.mp3,0
62189882-d6e5-42d5-bf2c-57e5ba160dda.mp3,1
cddfe431-da44-4f78-9d2b-888cc7474dc8.mp3,0
700e1355-f703-4892-9804-e7feaf337be8.mp3,1
e8a22887-19c7-45c1-a467-b7ad28fe0242.mp3,1
db9f8255-8e74-4556-adba-f5061d58af59.mp3,0
214cfe0a-0e5e-4392-8469-6ffb8e9bb368.mp3,0
f06147a6-dc47-4cf6-94e7-8e55d58674cf.mp3,0
1b5c8d26-39c8-4624-a421-1876ef20d680.mp3,0
1856df09-0a15-4b55-b3fc-dad7c2dc95c0.mp3,0
b7400be9-552d-420a-b0f6-7e4adeeba36b.mp3,0
c9d5415a-4f94-422d-b55f-9731bbda99e1.mp3,3
c8928775-b37d-4434-a576-de319e358a01.mp3,1
4f44b9a2-fa86-4e5c-9d25-6c51bf9f0c93.mp3,1
0e30447c-ce3e-4fa0-bfad-143785e5fd27.mp3,1
12bd7dd4-0752-448c-985a-7562c6e863d9.mp3,0
52ff34ba-263d-423e-bf5e-9731e74f4d86.mp3,1
58cdd7d2-5593-46ec-910d-299e15738beb.mp3,0
64f5539d-3f06-4772-987d-1342b0d80e6d.mp3,0
6d4d964e-d6ed-49e2-8060-a1cac01c908a.mp3,0
bf6d7b3d-892d-494c-ae99-a912c5a43fc2.mp3,0
c76ebd84-89d8-4cee-bbdd-299bd1f473bb.mp3,1
bc6c9032-6878-4046-841b-ff1af53d046c.mp3,0
2c894c3c-830c-4a7a-962f-37c64e195d89.mp3,0
3d35c14a-d89a-41e9-ba56-e9888de2d77f.mp3,0
c4873638-3e63-4368-bc38-0f2da4f1f3a1.mp3,0
6882952e-be42-402e-84a7-7889b9b8aa6b.mp3,1
04824cf6-423c-4d0a-9cda-507887c05fb2.mp3,0
f18d86b7-971f-41e8-98f4-80473e5ca0f8.mp3,1
dc338878-a463-4820-93b6-43d45826286b.mp3,1
4811e1ee-e2ca-4724-8605-0e33e3bf0c18.mp3,1
8eb00018-5dc7-44ec-8a7e-f0ecc2d39bad.mp3,0
fa935969-ab21-4300-ae84-8b7d8f540d2d.mp3,1
76040d02-1ac1-489b-984d-75b34bcd14a9.mp3,2
bc48d84b-8f77-4e18-91ef-e2a57f475b3c.mp3,0
b922cf44-88af-4ec6-b9d2-7eb25f91c497.mp3,0
cfafebab-ba6b-4cba-b712-8c2b44a32be2.mp3,1
46f620af-ddcf-43ca-a83c-e6dc2c50af4b.mp3,1
62415cf1-7009-4721-95f0-31ec7808c3cc.mp3,1
53d6470f-2211-4ef9-9c37-bf44299a9f80.mp3,1
e8cb1427-40ef-4cf2-96fd-60493e443bdd.mp3,0
cb28c830-8967-4eea-a0f9-5da7c532fde2.mp3,0
2d29630b-3eba-4998-8199-9894c0b9459a.mp3,0
9c806457-b6c1-4344-98e2-de7fdf5466ad.mp3,0
8ad146fa-26ec-4163-afdc-4ec0f7039bc1.mp3,1
12b7a16e-fd28-4f7e-ad65-5904e54f4b5e.mp3,1
77d5d32c-fbe4-417c-8088-54b3a1ba817d.mp3,0
0bbc90e0-f13c-44fd-b6ea-7027a7008a60.mp3,0
413c1731-3d36-4eb2-aacc-4b9e58a284fe.mp3,1
a5c20299-c5c8-46f3-8a2e-d231a98b70ac.mp3,1
f3608a32-4631-4f18-9600-98c04c2edeca.mp3,0
1c4e34d8-6aa8-4cfd-952e-6dc72b19fe8e.mp3,1
975d45be-fda9-49d1-a9a9-fa13a0e9559e.mp3,1
7811db8d-a37e-4f0e-80b6-7c1d6fa22bc8.mp3,1
37d35f93-f3c1-44e0-8322-b806b027d997.mp3,0
2a537989-f21f-43e1-8414-d038c22f0b0f.mp3,0
eee7113b-ce3f-4ee8-a62d-edacd5539e7b.mp3,0
4a91b4e1-0608-48e2-a740-320b487eb937.mp3,0
f345e4f8-c91c-4c55-a165-e83d1214ec85.mp3,0
21734417-9813-4efe-9448-5e1e15342853.mp3,0
3643f84f-2596-4941-a7d8-7d6269002b9f.mp3,0
edf640b9-7257-407e-8922-780f035a014e.mp3,1
c38beadd-bbd5-4627-b903-091299961faf.mp3,2
658d3c0c-4ac4-4a84-89ef-21e9901eaa3a.mp3,0
d58909e2-973e-4a8b-8005-c55e18fd51aa.mp3,0
6fec28c4-c3fc-4dd9-8a56-b80af39ac7d0.mp3,0
0ba4cb5b-9560-4fc7-9482-f4d979da9339.mp3,0
8850acbd-b86d-4b10-ab9f-a1f2def4b75a.mp3,0
74b27729-90a5-45a0-b4ca-4193cb6eeb03.mp3,1
1a60acba-9e35-4b69-a028-e4a4ef6f294f.mp3,0
c4ba8e08-112e-4560-b648-861108067611.mp3,1
dd3b297d-85ed-4dfe-b81d-a864a8a5d770.mp3,0
0eeff972-aeb6-4a85-b203-b2f652518e41.mp3,0
1f743614-22ac-47d2-b757-5a6dba4b98d3.mp3,0
74699d07-6c2e-4380-8558-78b56f2b83f2.mp3,1
76d6e43a-f102-4f5d-b805-f741b4369b4d.mp3,0
90df20f3-aed8-44dc-9e31-3e71cb2fef52.mp3,0
74355d51-c083-49d0-b3fe-4c920e7143fd.mp3,0
8831dbe9-b11b-42ed-a2d2-ab20f90af296.mp3,1
83bd15c6-ebce-4561-8e96-2d24574523f4.mp3,0
73baf677-42f9-4a2b-99ec-1f18799d9084.mp3,0
b76874a0-45d6-43c6-a113-322c918784fb.mp3,1
51814533-296e-436e-b3e8-d0d1eda4023f.mp3,1
9f70e587-ed9d-4b00-aaa4-79fbd15b3c3d.mp3,1
3a9ab7dc-9799-4fc4-b8b4-25a5e0275d9f.mp3,1
747f04b9-56c9-412f-b351-c0897d9d8610.mp3,1
a7f905d0-160f-458b-af77-82c85dd13eb5.mp3,1
9aa97d76-7146-4dc2-868a-5a065a6e6aba.mp3,0
c61e2c22-19d4-4027-9bee-2f97b05061a7.mp3,0
683b93b2-e037-44b0-a9af-47bd9d87f31f.mp3,0
8afc2c36-7ea3-47c2-98ed-56c6b9618e5d.mp3,2
8b088d50-ff0c-449a-be8f-71e12202d102.mp3,0
a116eb23-49d8-43d3-b6ea-aa626031355a.mp3,0
6e7faa36-bed5-4473-9147-12f1f1cbc124.mp3,0
3892c63d-78ed-4546-906a-4af3944f7503.mp3,0
cd4ca20d-6700-4be5-93be-5d982ac61976.mp3,0
c3641c7c-ba64-4eb2-95ce-741247d78516.mp3,1
ae0ce793-9d9f-41ef-b3e9-4e728f3c3631.mp3,0
9c54b092-efd7-4d4e-ba52-df5afb67db69.mp3,0
ec196ac7-0aba-49fa-a7cd-f9e722bfcaf5.mp3,0
25f22ba2-313a-4a71-bc01-fd07dc6c1648.mp3,0
ccf0a496-fc7f-46b1-b444-2017f615c171.mp3,0
0a90b466-f967-42d7-a9f7-f386d0c73fc9.mp3,0
50652019-6a28-4d75-9b3c-2cf4a20b9848.mp3,0
4abaceb2-bafe-41fa-b318-c7c2942f070d.mp3,0
cff0c229-9cd9-4092-a3c1-2cb6e4a6fd3e.mp3,0
83ac7a14-2af9-4a9b-9c0c-bf5cba6beb72.mp3,0
21a3008e-1231-4da8-bee6-c49731db759c.mp3,1
31d88ae2-a8b6-47d4-91f8-fe3d6dfe2b33.mp3,0
add7aca4-4fca-4e33-99fd-5b795cc5d30a.mp3,0
bc9f6df3-f103-4f3e-a7b2-f236d1788435.mp3,0
e54f5433-8801-43fa-b7b5-501ed114be5c.mp3,3
d2e4857a-be10-4151-96b5-d56cfb16f80a.mp3,1
518fac72-a375-4f26-8e64-b46bcf34555e.mp3,1
c267907a-cf73-466d-b950-4f3e9e3eedcf.mp3,1
9114c0fc-4f2b-4689-b069-adab2d4cfc23.mp3,1
b8e154c2-9d10-49be-b510-693a15c1a436.mp3,1
13d30445-3b95-4385-9726-d183b9582742.mp3,0
499bd2df-f282-4c94-b516-cf4a16555608.mp3,0
1bc3b53d-ddf0-4a40-bf54-00871af7f6a9.mp3,1
b7910c89-ce76-4b46-b2ac-c1163db9843a.mp3,1
aec04106-8ceb-4aea-b9c9-00fd6c796ef0.mp3,3
05f86b30-9067-43eb-a6f5-a0fca8f6288f.mp3,0
41947f8e-fd3e-4dc7-8449-f054ca0bf69f.mp3,0
d97fa0d2-6e7f-41ae-ae22-dc259536739c.mp3,1
404e71c4-5af5-410a-acf5-a6552f8ac183.mp3,2
071f15b1-b714-47ef-bca8-fc841d0810a4.mp3,1
154be48b-add7-4491-b4b9-bb8ace17e1bb.mp3,1
a0b2ccc1-3128-4bdf-98b1-6e8a0520dd9b.mp3,0
2c0df89c-aba3-4f96-b55a-13da1cff4867.mp3,1
e0445cdd-96ab-47f7-8d7c-80a01e78c6b6.mp3,0
d9e94431-734e-4d8e-b77a-ea2fab05a6f5.mp3,0
fa25ba5f-e4a2-4c50-a47e-b796a9ee904c.mp3,2
ab1df2e1-33ab-40cf-bde4-fa02d6e5624a.mp3,1
94651382-47a1-44f4-b679-d5d00070f285.mp3,1
7f822790-f61e-4f3a-bc65-c89918e35619.mp3,0
679c4e86-8133-4243-a318-046c3baad4f6.mp3,0
9edc4191-4a00-4d25-b2ea-d8f4499f174d.mp3,1
35210b4a-b2ca-43e2-8738-8a92ce47443e.mp3,0
c214d50d-5f3e-47cb-a6ae-cee35ef0dda6.mp3,0
c6ca2627-6596-4641-94ac-c7bd00932194.mp3,0
b70b0bac-5f9b-4189-8caa-4f8abfa136c1.mp3,0
b4656076-2e79-482b-bb3a-abe473fee707.mp3,1
07d31787-55a1-4f82-9afe-68033fbd67c0.mp3,1
b8a8ecaa-56f6-49ac-86c9-c6d434544c1d.mp3,1
3f421af2-577f-461c-86ee-c543224109d2.mp3,2
900ca346-1ae1-49b1-ae52-7e337a65ea53.mp3,0
ef064f13-561f-4cb7-a93e-a0b0d9c1fe9a.mp3,0
d8e58c43-d0f7-4168-b07e-ce10a6689172.mp3,0
fe133157-b263-45d6-8e4f-8809f07d3205.mp3,0
53d4d6bb-a437-49db-ac97-4e66bdeb936a.mp3,1
4ca94937-e42a-4d8a-a891-225329390e02.mp3,1
77bbc100-a4ad-429c-bede-b8b05eea0cb8.mp3,0
540845b9-3620-4b20-96f1-7ea00c26773b.mp3,0
0beee0a3-7a62-40a1-99c6-d4bbec796b25.mp3,0
db3d1e15-8933-485c-b4ac-1e2629eac229.mp3,0
25c80d80-9a2f-45f0-877a-44a9692d5886.mp3,1
ee7a7874-8f54-4a34-b3c2-ab3f4535c224.mp3,0
1685dc0d-e4e4-4e95-b48d-8575d97892ee.mp3,0
c0d8790d-86a1-46ad-87d2-ea7acaa374d7.mp3,1
94d10232-daf7-4cf4-a840-13950857dbec.mp3,0
5d8ab6ac-068a-4fac-957c-f8cb64aeaad5.mp3,1
c5545027-a13c-457f-a401-c9d562c9ac25.mp3,1
f1b7a5e6-4d8d-41be-9a4f-e8d3c6f6296a.mp3,0
c8a5d60c-57f1-4ce0-80dc-6aab3c74b806.mp3,0
69316418-3e66-4008-9621-87256916b6a6.mp3,0
e37c7d8a-02a4-47d3-81a8-a7054ded11bb.mp3,0
d4d05ffb-e558-422d-a3d8-a8a91d6d24db.mp3,1
fa3025c1-8625-4b99-8eaa-34b805a0b988.mp3,1
0e64c04d-c574-4964-b417-7e2aea308ec8.mp3,0
3b62e5a3-b0be-432b-9c44-37d96edb4319.mp3,0
9fe31ee1-db06-4393-8a28-331d21f107be.mp3,0
7ac5ba8f-1443-4c72-a18b-5e7d62a3a906.mp3,0
24d89b0e-21b6-4076-84a5-a6b481306dbc.mp3,0
87e11cba-c4f1-47f0-9392-c8faae04f1bd.mp3,0
325ad9b1-6647-4a1f-a4bf-57dc4e21e0d6.mp3,0
1854c35a-ee73-4de9-9049-043d6992c725.mp3,0
2146bba5-092b-48c3-a116-0da3b031678b.mp3,1
122daba1-e6e2-4132-813f-4f2da9d45d9e.mp3,1
0f1e5d15-4de1-4377-bc0d-ae91217b91ad.mp3,0
3267b1bb-8d46-484b-a460-faa909a82caa.mp3,0
35f0ff85-7b13-4ad5-888f-386e2bbe4aff.mp3,1
1d53494a-3ccf-4776-9eb1-1d19eb3c537b.mp3,0
30c70906-2624-47ae-acdd-501217609f51.mp3,0
a5532007-313c-4e91-899c-89b6b2ab81ab.mp3,1
e4595d9d-0f3f-4828-92f2-7c7bf84dc084.mp3,0
cdc6570d-7083-425a-8e15-e8a6cda925c4.mp3,1
2bed1887-d140-48e4-b0c5-fa8466fa76a2.mp3,1
c20fbb3f-d502-4c94-99a8-99078a194168.mp3,1
5d87037c-fbc6-4497-8a5b-133ad0f5c529.mp3,0
3175255f-871e-437d-8d42-d8a4bd1cb92c.mp3,1
2a591d13-c462-4d73-bb36-a23b70e591af.mp3,0
40ddc183-c4e3-43e8-8ad0-d1fc2094f798.mp3,0
8a7c7bb1-c5d4-4dd1-b230-89439a97b852.mp3,0
da3fcd7b-50da-47fb-8092-74ff9ee613a8.mp3,1
89c2c127-87cc-4e14-bc00-dc456374a8a3.mp3,1
2f869b9b-693c-48b0-aa28-6e42a3dacff0.mp3,1
7794f05c-3ff9-4f65-8d37-af14d5242110.mp3,3
6096283d-b73f-4485-8eae-414fb98cf058.mp3,0
447dce91-5d85-4dae-b4f7-ef6e2b28841d.mp3,1
e223226f-345e-45e2-be5d-25d1e45e9673.mp3,1
896154cc-802b-46bb-bb6b-30b7a935802d.mp3,1
f01102e3-4894-4be9-beb1-c72a7a3b64a7.mp3,0
c26de5ec-05e1-4a38-8ff8-ad63519c1648.mp3,0
e99b1bfb-987e-438e-9dc7-526e1e9858c5.mp3,0
ca80dc80-c159-4aed-abce-8bd6c0a38876.mp3,0
8d062633-e6f0-4a66-bec1-1d8f69633207.mp3,0
abddbd32-65aa-4155-ac29-138c407bf65a.mp3,1
cf08fa44-b268-4f33-ae13-4c36ce678ee9.mp3,1
8e9721ad-dc24-40f8-9bd4-96a45c1aca17.mp3,0
f36a304e-d333-41fe-bf0f-3c148c281f90.mp3,0
ee6b9924-cc82-4174-8794-ae447bba5b78.mp3,0
e5a0057f-ebea-407a-9ccd-b6710d6de119.mp3,1
1d20c9e9-fbc1-470c-96ee-6472a1142ba8.mp3,0
c452ce26-c8e1-4673-9a3a-6e0292b5e972.mp3,1
91ca2554-ebcb-47c5-b3f7-fefc3168d620.mp3,2
31f8cd53-26c6-4b15-be2d-72604a362bdf.mp3,0
163586e9-0df4-45fe-89ce-859bfa95fe5f.mp3,0
2b381730-6fcd-4a60-b2f9-4dcb0a0cb2c9.mp3,1
82e89243-fd50-4f54-94eb-1a9ae8d972f5.mp3,0
92649aca-d7ac-406e-b57e-b6d34449e56a.mp3,1
64acc08f-8199-457e-abea-901161e0bf34.mp3,1
dc05852f-9278-4500-ac5c-353ef36f069e.mp3,1
d7e284d7-8d3c-4123-a5e9-97dcbb7929d7.mp3,1
903c31db-6229-4f93-b3dd-686d3608780b.mp3,0
d87ad51a-7617-407c-bf88-defbe2d1cb4a.mp3,1
d1c93795-c216-4f34-84e2-030c8962bc60.mp3,1
2c94a9b3-8286-49e0-a3e6-9ec7d14d04d9.mp3,0
6b90ea63-08f3-4897-99b5-e1c5afd74d9b.mp3,0
8cd48344-3644-4664-ac32-258abc77b1fa.mp3,0
43acbfff-9b19-49c8-95d4-e83bbd1f08eb.mp3,0
5b47c4f5-ac91-4930-837d-01de88e9a97c.mp3,0
246ccceb-d47a-49f9-9ae8-9a5307903ffc.mp3,1
67ee2e50-8c8a-49d8-b8f8-75cdda336930.mp3,1
